fiscal_year_sheet,date
2018年度,2018-10-13
2018年度,2018-10-14
2018年度,2018-10-20
2018年度,2018-10-21
2018年度,2018-11-03
2018年度,2018-11-04
2018年度,2018-11-10
2018年度,2018-11-11
2018年度,2019-01-03
2018年度,2019-02-24
2018年度,2019-03-02
2018年度,2019-03-05
2018年度,2019-03-08
2018年度,2019-03-11
2018年度,2019-03-12
2018年度,2019-03-13
2018年度,2019-03-15
2018年度,2019-03-16
2018年度,2019-03-17
2018年度,2019-03-20
2018年度,2019-03-23
2018年度,2019-03-24
2018年度,2019-03-26
2018年度,2019-03-27
2018年度,2019-03-30
2018年度,2019-03-31
2019年度,2019-04-01
2019年度,2019-04-02
2019年度,2019-04-03
2019年度,2019-04-04
2019年度,2019-04-06
2019年度,2019-04-07
2019年度,2019-04-08
2019年度,2019-04-09
2019年度,2019-04-12
2019年度,2019-04-13
2019年度,2019-04-15
2019年度,2019-04-16
2019年度,2019-04-18
2019年度,2019-04-19
2019年度,2019-04-20
2019年度,2019-04-21
2019年度,2019-04-22
2019年度,2019-04-26
2019年度,2019-04-27
2019年度,2019-04-28
2019年度,2019-05-02
2019年度,2019-05-03
2019年度,2019-05-04
2019年度,2019-05-05
2019年度,2019-05-06
2019年度,2019-05-07
2019年度,2019-05-08
2019年度,2019-05-10
2019年度,2019-05-11
2019年度,2019-05-12
2019年度,2019-10-13
2019年度,2019-10-14
2019年度,2019-11-02
2019年度,2019-11-04
2019年度,2019-11-06
2019年度,2019-11-09
2019年度,2019-11-10
2019年度,2019-11-12
2019年度,2019-11-15
2019年度,2019-11-16
2019年度,2019-11-17
2019年度,2019-11-30
2019年度,2019-12-15
2019年度,2020-01-01
2019年度,2020-01-02
2019年度,2020-01-04
2019年度,2020-01-05
2019年度,2020-01-09
2019年度,2020-02-02
2019年度,2020-02-11
2019年度,2020-02-13
2019年度,2020-02-14
2019年度,2020-02-19
2019年度,2020-02-20
2019年度,2020-02-21
2019年度,2020-02-22
2019年度,2020-02-23
2019年度,2020-02-24
2019年度,2020-02-26
2019年度,2020-03-02
2019年度,2020-03-03
2019年度,2020-03-05
2019年度,2020-03-06
2019年度,2020-03-08
2019年度,2020-03-11
2019年度,2020-03-12
2019年度,2020-03-14
2019年度,2020-03-15
2019年度,2020-03-20
2019年度,2020-03-21
2019年度,2020-03-23
2019年度,2020-03-24
2019年度,2020-03-25
2019年度,2020-03-29
2020年度,2020-04-02
2020年度,2020-04-03
2020年度,2020-04-04
2020年度,2020-04-05
2020年度,2020-04-06
2020年度,2020-04-07
2020年度,2020-04-08
2020年度,2020-04-09
2020年度,2020-04-10
2020年度,2020-04-11
2020年度,2020-04-14
2020年度,2020-04-15
2020年度,2020-04-16
2020年度,2020-04-18
2020年度,2020-04-20
2020年度,2020-04-22
2020年度,2020-04-24
2020年度,2020-04-25
2020年度,2020-04-27
2020年度,2020-04-28
2020年度,2020-04-29
2020年度,2020-04-30
2020年度,2020-05-01
2020年度,2020-05-02
2020年度,2020-05-04
2020年度,2020-05-05
2020年度,2020-05-06
2020年度,2020-05-07
2020年度,2020-05-08
2020年度,2020-05-11
2020年度,2020-05-12
2020年度,2020-05-13
2020年度,2020-05-14
2020年度,2020-05-17
2020年度,2020-05-19
2020年度,2020-05-20
2020年度,2020-05-21
2020年度,2020-05-24
2020年度,2020-06-07
2020年度,2020-06-22
2020年度,2020-09-27
2020年度,2020-10-25
2020年度,2021-01-03
2020年度,2021-02-07
2020年度,2021-02-20
2020年度,2021-02-21
2020年度,2021-02-23
2020年度,2021-02-24
2020年度,2021-03-10
2020年度,2021-03-14
2020年度,2021-03-15
2020年度,2021-03-17
2020年度,2021-03-22
2020年度,2021-03-23
2020年度,2021-03-24
2020年度,2021-03-25
2020年度,2021-03-26
2020年度,2021-03-27
2020年度,2021-03-29
2020年度,2021-03-31
2021年度,2021-04-01
2021年度,2021-04-05
2021年度,2021-04-06
2021年度,2021-04-07
2021年度,2021-04-09
2021年度,2021-04-10
2021年度,2021-04-11
2021年度,2021-04-14
2021年度,2021-04-15
2021年度,2021-04-17
2021年度,2021-04-18
2021年度,2021-04-19
2021年度,2021-04-20
2021年度,2021-04-21
2021年度,2021-04-22
2021年度,2021-04-23
2021年度,2021-04-24
2021年度,2021-04-25
2021年度,2021-04-26
2021年度,2021-04-27
2021年度,2021-04-30
2021年度,2021-05-01
2021年度,2021-05-02
2021年度,2021-05-03
2021年度,2021-05-04
2021年度,2021-05-05
2021年度,2021-05-06
2021年度,2021-05-09
2021年度,2021-05-10
2021年度,2021-05-19
2021年度,2021-05-22
2021年度,2021-05-23
2021年度,2021-05-25
2021年度,2021-05-29
2021年度,2021-05-30
2021年度,2021-05-31
2021年度,2021-06-01
2021年度,2021-06-06
2021年度,2021-06-20
2021年度,2021-07-11
2021年度,2021-09-19
2021年度,2021-09-20
2021年度,2021-09-25
2021年度,2021-09-26
2021年度,2021-10-02
2021年度,2021-10-03
2021年度,2021-10-10
2021年度,2021-10-17
2021年度,2021-10-23
2021年度,2021-10-24
2021年度,2021-10-26
2021年度,2021-10-27
2021年度,2021-10-28
2021年度,2021-10-29
2021年度,2021-10-31
2021年度,2021-11-04
2021年度,2021-11-05
2021年度,2021-11-07
2021年度,2021-11-17
2021年度,2021-11-19
2021年度,2021-11-20
2021年度,2021-11-28
2021年度,2021-12-31
2021年度,2022-01-01
2021年度,2022-01-02
2021年度,2022-01-03
2021年度,2022-01-10
2021年度,2022-02-26
2021年度,2022-02-27
2021年度,2022-03-02
2021年度,2022-03-03
2021年度,2022-03-05
2021年度,2022-03-06
2021年度,2022-03-08
2021年度,2022-03-09
2021年度,2022-03-10
2021年度,2022-03-12
2021年度,2022-03-15
2021年度,2022-03-16
2021年度,2022-03-20
2021年度,2022-03-25
2021年度,2022-03-27
2022年度,2022-04-01
2022年度,2022-04-02
2022年度,2022-04-03
2022年度,2022-04-04
2022年度,2022-04-05
2022年度,2022-04-06
2022年度,2022-04-07
2022年度,2022-04-08
2022年度,2022-04-09
2022年度,2022-04-10
2022年度,2022-04-16
2022年度,2022-04-17
2022年度,2022-04-19
2022年度,2022-04-20
2022年度,2022-04-22
2022年度,2022-04-28
2022年度,2022-04-30
2022年度,2022-05-03
2022年度,2022-05-04
2022年度,2022-05-14
2022年度,2022-05-16
2022年度,2022-05-17
2022年度,2022-05-18
2022年度,2022-05-22
2022年度,2022-08-28
2022年度,2022-09-25
2022年度,2022-10-02
2022年度,2022-10-20
2022年度,2022-10-23
2022年度,2022-10-26
2022年度,2022-10-28
2022年度,2022-10-29
2022年度,2022-10-30
2022年度,2022-11-05
2022年度,2022-11-06
2022年度,2022-11-07
2022年度,2022-11-27
2022年度,2022-12-31
2022年度,2023-01-01
2022年度,2023-01-02
2022年度,2023-01-03
2022年度,2023-01-04
2022年度,2023-01-08
2022年度,2023-01-09
2022年度,2023-02-04
2022年度,2023-02-05
2022年度,2023-02-08
2022年度,2023-02-11
2022年度,2023-02-12
2022年度,2023-02-15
2022年度,2023-02-16
2022年度,2023-02-20
2022年度,2023-02-22
2022年度,2023-02-25
2022年度,2023-02-26
2022年度,2023-02-27
2022年度,2023-02-28
2022年度,2023-03-02
2022年度,2023-03-03
2022年度,2023-03-04
2022年度,2023-03-05
2022年度,2023-03-06
2022年度,2023-03-07
2022年度,2023-03-08
2022年度,2023-03-10
2022年度,2023-03-11
2022年度,2023-03-12
2022年度,2023-03-13
2022年度,2023-03-14
2022年度,2023-03-15
2022年度,2023-03-16
2022年度,2023-03-18
2022年度,2023-03-19
2022年度,2023-03-20
2022年度,2023-03-22
2022年度,2023-03-25
2022年度,2023-03-27
2022年度,2023-03-28
2022年度,2023-03-29
2022年度,2023-03-31
2023年度,2023-04-01
2023年度,2023-04-02
2023年度,2023-04-03
2023年度,2023-04-04
2023年度,2023-04-08
2023年度,2023-04-09
2023年度,2023-04-10
2023年度,2023-04-11
2023年度,2023-04-12
2023年度,2023-04-13
2023年度,2023-04-16
2023年度,2023-04-17
2023年度,2023-04-18
2023年度,2023-04-20
2023年度,2023-04-22
2023年度,2023-04-23
2023年度,2023-04-26
2023年度,2023-04-27
2023年度,2023-04-28
2023年度,2023-04-30
2023年度,2023-05-01
2023年度,2023-05-02
2023年度,2023-05-03
2023年度,2023-05-04
2023年度,2023-05-05
2023年度,2023-05-08
2023年度,2023-05-09
2023年度,2023-05-10
2023年度,2023-05-11
2023年度,2023-05-12
2023年度,2023-05-14
2023年度,2023-05-15
2023年度,2023-05-16
2023年度,2023-05-17
2023年度,2023-05-20
2023年度,2023-05-21
2023年度,2023-05-22
2023年度,2023-05-23
2023年度,2023-05-24
2023年度,2023-05-25
2023年度,2023-05-26
2023年度,2023-05-27
2023年度,2023-05-28
2023年度,2023-05-31
2023年度,2023-06-03
2023年度,2023-06-04
2023年度,2023-06-07
2023年度,2023-06-09
2023年度,2023-06-11
2023年度,2023-06-15
2023年度,2023-06-16
2023年度,2023-06-17
2023年度,2023-06-19
2023年度,2023-08-13
2023年度,2023-09-03
2023年度,2023-09-09
2023年度,2023-09-10
2023年度,2023-09-23
2023年度,2023-09-24
2023年度,2023-09-30
2023年度,2023-10-01
2023年度,2023-10-02
2023年度,2023-10-06
2023年度,2023-10-07
2023年度,2023-10-10
2023年度,2023-10-11
2023年度,2023-10-12
2023年度,2023-10-13
2023年度,2023-10-15
2023年度,2023-10-16
2023年度,2023-10-17
2023年度,2023-10-18
2023年度,2023-10-19
2023年度,2023-10-21
2023年度,2023-10-22
2023年度,2023-10-23
2023年度,2023-10-24
2023年度,2023-10-25
2023年度,2023-10-26
2023年度,2023-10-27
2023年度,2023-10-28
2023年度,2023-10-29
2023年度,2023-10-30
2023年度,2023-10-31
2023年度,2023-11-01
2023年度,2023-11-02
2023年度,2023-11-03
2023年度,2023-11-04
2023年度,2023-11-05
2023年度,2023-11-07
2023年度,2023-11-08
2023年度,2023-11-11
2023年度,2023-11-19
2023年度,2023-11-20
2023年度,2023-11-21
2023年度,2023-11-22
2023年度,2023-11-23
2023年度,2023-11-25
2023年度,2023-11-26
2023年度,2023-12-02
2023年度,2023-12-10
2023年度,2023-12-13
2023年度,2024-01-01
2023年度,2024-01-02
2023年度,2024-01-13
2023年度,2024-01-14
2023年度,2024-02-10
2023年度,2024-02-11
2023年度,2024-02-12
2023年度,2024-02-13
2023年度,2024-02-17
2023年度,2024-02-18
2023年度,2024-02-25
2023年度,2024-02-28
2023年度,2024-03-01
2023年度,2024-03-02
2023年度,2024-03-03
2023年度,2024-03-04
2023年度,2024-03-07
2023年度,2024-03-08
2023年度,2024-03-09
2023年度,2024-03-10
2023年度,2024-03-11
2023年度,2024-03-12
2023年度,2024-03-13
2023年度,2024-03-14
2023年度,2024-03-15
2023年度,2024-03-16
2023年度,2024-03-18
2023年度,2024-03-20
2023年度,2024-03-21
2023年度,2024-03-22
2023年度,2024-03-27
2023年度,2024-03-29
2023年度,2024-03-30
2023年度,2024-03-31
2024年度,2024-04-01
2024年度,2024-04-07
2024年度,2024-04-09
2024年度,2024-04-10
2024年度,2024-04-12
2024年度,2024-04-13
2024年度,2024-04-14
2024年度,2024-04-16
2024年度,2024-04-17
2024年度,2024-04-18
2024年度,2024-04-19
2024年度,2024-04-24
2024年度,2024-04-25
2024年度,2024-04-27
2024年度,2024-04-28
2024年度,2024-05-02
2024年度,2024-05-03
2024年度,2024-05-04
2024年度,2024-05-05
2024年度,2024-05-07
2024年度,2024-05-08
2024年度,2024-05-09
2024年度,2024-05-10
2024年度,2024-05-11
2024年度,2024-05-13
2024年度,2024-05-14
2024年度,2024-05-15
2024年度,2024-05-16
2024年度,2024-05-17
2024年度,2024-05-18
2024年度,2024-05-19
2024年度,2024-05-20
2024年度,2024-05-21
2024年度,2024-05-25
2024年度,2024-05-26
2024年度,2024-05-29
2024年度,2024-06-01
2024年度,2024-06-02
2024年度,2024-06-03
2024年度,2024-06-04
2024年度,2024-06-05
2024年度,2024-06-07
2024年度,2024-06-11
2024年度,2024-06-13
2024年度,2024-06-16
2024年度,2024-06-19
2024年度,2024-06-21
2024年度,2024-09-01
2024年度,2024-09-08
2024年度,2024-09-24
2024年度,2024-09-26
2024年度,2024-09-29
2024年度,2024-10-06
2024年度,2024-10-09
2024年度,2024-10-10
2024年度,2024-10-11
2024年度,2024-10-12
2024年度,2024-10-13
2024年度,2024-10-20
2024年度,2024-10-27
2024年度,2024-10-30
2024年度,2024-11-03
2024年度,2024-11-04
2024年度,2024-11-05
2024年度,2024-11-06
2024年度,2024-11-07
2024年度,2024-11-08
2024年度,2024-11-11
2024年度,2024-11-12
2024年度,2024-11-13
2024年度,2024-11-14
2024年度,2024-11-20
2024年度,2024-11-22
2024年度,2024-11-23
2024年度,2024-11-24
2024年度,2024-11-25
2024年度,2024-12-01
2024年度,2024-12-02
2024年度,2024-12-03
2024年度,2024-12-04
2024年度,2024-12-07
2024年度,2024-12-08
2024年度,2024-12-12
2024年度,2024-12-14
2024年度,2024-12-22
2024年度,2024-12-31
2024年度,2025-01-01
2024年度,2025-01-02
2024年度,2025-01-03
2024年度,2025-01-18
2024年度,2025-01-19
2024年度,2025-01-22
2024年度,2025-01-25
2024年度,2025-01-26
2024年度,2025-01-30
2024年度,2025-01-31
2024年度,2025-02-11
2024年度,2025-02-13
2024年度,2025-02-14
2024年度,2025-02-16
2024年度,2025-02-17
2024年度,2025-02-18
2024年度,2025-02-19
2024年度,2025-02-20
2024年度,2025-02-22
2024年度,2025-02-23
2024年度,2025-02-24
2024年度,2025-02-25
2024年度,2025-02-26
2024年度,2025-02-27
2024年度,2025-03-01
2024年度,2025-03-07
2024年度,2025-03-08
2024年度,2025-03-09
2024年度,2025-03-10
2024年度,2025-03-12
2024年度,2025-03-14
2024年度,2025-03-16
2024年度,2025-03-20
2024年度,2025-03-21
2024年度,2025-03-22
2024年度,2025-03-23
2024年度,2025-03-24
2024年度,2025-03-25
2024年度,2025-03-26
2024年度,2025-03-29
2024年度,2025-03-30
2024年度,2025-03-31
2025年度,2025-04-02
2025年度,2025-04-03
2025年度,2025-04-04
2025年度,2025-04-05
2025年度,2025-04-06
2025年度,2025-04-07
2025年度,2025-04-08
2025年度,2025-04-09
2025年度,2025-04-11
2025年度,2025-04-13
2025年度,2025-04-15
2025年度,2025-04-16
2025年度,2025-04-17
2025年度,2025-04-18
2025年度,2025-04-19
2025年度,2025-04-21
2025年度,2025-04-24
2025年度,2025-04-25
2025年度,2025-04-26
2025年度,2025-04-27
2025年度,2025-04-29
2025年度,2025-04-30
2025年度,2025-05-01
2025年度,2025-05-02
2025年度,2025-05-03
2025年度,2025-05-04
2025年度,2025-05-05
2025年度,2025-05-07
2025年度,2025-05-08
2025年度,2025-05-10
2025年度,2025-05-12
2025年度,2025-05-13
2025年度,2025-05-14
2025年度,2025-05-15
2025年度,2025-05-19
2025年度,2025-05-22
2025年度,2025-05-23
2025年度,2025-05-25
2025年度,2025-05-26
2025年度,2025-05-27
2025年度,2025-05-28
2025年度,2025-05-31
2025年度,2025-06-01
2025年度,2025-06-04
2025年度,2025-06-05
2025年度,2025-06-06
2025年度,2025-06-17
2025年度,2025-06-19
2025年度,2025-06-28
2025年度,2025-06-29
2025年度,2025-07-19
2025年度,2025-07-20
2025年度,2025-09-21
2025年度,2025-10-26
2025年度,2025-10-27
2025年度,2025-10-28
2025年度,2025-10-29
2025年度,2025-10-30
2025年度,2025-11-01
2025年度,2025-11-02
2025年度,2025-11-03
2025年度,2025-11-06
2025年度,2025-11-07
2025年度,2025-11-08
2025年度,2025-11-10
2025年度,2025-11-14
2025年度,2025-11-15
2025年度,2025-11-16
2025年度,2025-11-21
2025年度,2025-11-22
2025年度,2025-11-23
2025年度,2025-11-26
2025年度,2025-11-28
2025年度,2025-11-29
2025年度,2025-11-30
2025年度,2025-12-07
2025年度,2025-12-28
2025年度,2025-12-30
2025年度,2025-12-31
2025年度,2026-01-01
2025年度,2026-01-03
2025年度,2026-01-06
2025年度,2026-01-07
2025年度,2026-01-10
2025年度,2026-01-13
2025年度,2026-01-14
2025年度,2026-01-16
2025年度,2026-01-17
2025年度,2026-01-18
2025年度,2026-01-25
2025年度,2026-01-30
2025年度,2026-02-03
2025年度,2026-02-07
2025年度,2026-02-12
2025年度,2026-02-13
2025年度,2026-02-15
2025年度,2026-02-17
2025年度,2026-02-18
2025年度,2026-02-19
2025年度,2026-02-20
2025年度,2026-02-21
2025年度,2026-02-22
2025年度,2026-02-23
2025年度,2026-02-26
2025年度,2026-02-28
2025年度,2026-03-01
2025年度,2026-03-04
2025年度,2026-03-05
2025年度,2026-03-07
2025年度,2026-03-08
2025年度,2026-03-09
2025年度,2026-03-10
2025年度,2026-03-11
2025年度,2026-03-12
2025年度,2026-03-13
2025年度,2026-03-14
2025年度,2026-03-15
2025年度,2026-03-16
2025年度,2026-03-17
2025年度,2026-03-19
2025年度,2026-03-20
2025年度,2026-03-21
2025年度,2026-03-23
2025年度,2026-03-24
2025年度,2026-03-26
2025年度,2026-03-27
2025年度,2026-03-28
2025年度,2026-03-29
2025年度,2026-03-30
