date,capacity_kw
2017-06-30,7379866.731000005
2017-09-30,7524171.864
2017-12-31,7661711.4
2018-03-31,7858165.2640000135
2018-06-30,8021636.814999995
2018-09-30,8148329.568000003
2018-12-31,8327578.972999999
2019-03-31,8522762.323
2019-06-30,8706186.977802554
2019-09-30,8847859.903000003
2019-12-31,9058478.668000003
2020-03-31,9387547.218000006
2020-06-30,9836185.952999996
2020-09-30,10035139.37799992
2020-12-31,10182751.493999919
2021-03-31,10327876.03899992
2021-06-30,10468891.305999918
2021-09-30,10636896.95899992
2021-12-31,10782437.61399991
2022-03-31,10994816.619999917
2022-06-30,11178817.988999909
2022-09-30,11360193.850999907
2022-12-31,11440894.139999904
2023-03-31,11594644.050999908
2023-06-30,11755938.673999904
2023-09-30,11878632.099999905
2023-12-31,12010948.702999908
2024-03-31,12118349.832999917
2024-06-30,12214975.03299992
2024-09-30,12261222.958999963
2024-12-31,12336416.91799996
2025-03-31,12434000.27799997
2025-06-30,12411582.19399997
2025-09-30,12493761.64599999
2025-12-31,12574378.816
2026-03-31,12697756.728000028
