date,sunshine_h_amgsds_mesh_mean,n_land_cells
2018-10-01,7.94640804521453,37687
2018-10-02,4.49893252315122,37687
2018-10-03,8.153215963064186,37687
2018-10-04,0.04730278345318015,37687
2018-10-05,1.4400007960304615,37687
2018-10-06,1.7926611298325683,37687
2018-10-07,6.036613686417066,37687
2018-10-08,8.486782179531405,37687
2018-10-09,7.920554302544645,37687
2018-10-10,0.9079258099609947,37687
2018-10-11,0.045239207153660414,37687
2018-10-12,5.567825244779367,37687
2018-10-13,9.2351619921989,37687
2018-10-14,5.723970334598138,37687
2018-10-15,4.8265006500915435,37687
2018-10-16,2.2426030196088838,37687
2018-10-17,6.186209833629634,37687
2018-10-18,7.7898222198636144,37687
2018-10-19,5.934932470082522,37687
2018-10-20,9.118681242868893,37687
2018-10-21,9.821217395919017,37687
2018-10-22,6.790499907129778,37687
2018-10-23,1.9193156791466552,37687
2018-10-24,8.596142967070874,37687
2018-10-25,9.527697349218563,37687
2018-10-26,2.082328919786664,37687
2018-10-27,7.193121235439277,37687
2018-10-28,7.230580040862897,37687
2018-10-29,9.272346167113328,37687
2018-10-30,7.220831321145222,37687
2018-10-31,1.5846390001857402,37687
2018-11-01,6.072456550003981,37687
2018-11-02,8.6382951680951,37687
2018-11-03,7.858738026375143,37687
2018-11-04,8.596356568578024,37687
2018-11-05,8.867441292753469,37687
2018-11-06,9.083124950248097,37687
2018-11-07,8.5185655531085,37687
2018-11-08,3.15622973439117,37687
2018-11-09,3.8098052378804366,37687
2018-11-10,9.421739857245203,37687
2018-11-11,8.996572823520047,37687
2018-11-12,0.09381192453631225,37687
2018-11-13,5.302078700878287,37687
2018-11-14,8.122250643457955,37687
2018-11-15,9.150947276249104,37687
2018-11-16,0.7325929365563721,37687
2018-11-17,7.01291930904556,37687
2018-11-18,3.8153453445485184,37687
2018-11-19,1.774947860004776,37687
2018-11-20,7.441679358930135,37687
2018-11-21,0.9952758245548865,37687
2018-11-22,3.693639716613156,37687
2018-11-23,7.6877796056995775,37687
2018-11-24,7.758248732984849,37687
2018-11-25,5.588960118873882,37687
2018-11-26,0.5004903547642423,37687
2018-11-27,0.7789168678854778,37687
2018-11-28,0.003483163955740706,37687
2018-11-29,8.436221774086555,37687
2018-11-30,8.039208745721334,37687
2018-12-01,5.5394515350120725,37687
2018-12-02,1.3421787353729404,37687
2018-12-03,0.08179478334704275,37687
2018-12-04,1.3111645925650754,37687
2018-12-05,4.712623981744367,37687
2018-12-06,0.6162820070581366,37687
2018-12-07,0.17212513598853715,37687
2018-12-08,2.3050144612200496,37687
2018-12-09,0.8014700029187785,37687
2018-12-10,1.3454384801125057,37687
2018-12-11,0.006381510865815798,37687
2018-12-12,2.9658948709103936,37687
2018-12-13,2.5619712367659933,37687
2018-12-14,4.534542680499907,37687
2018-12-15,8.289204234882057,37687
2018-12-16,0.0155032239233688,37687
2018-12-17,3.76637089712633,37687
2018-12-18,5.077817019131265,37687
2018-12-19,6.006908483031284,37687
2018-12-20,0.011153978825589727,37687
2018-12-21,0.37883620346538593,37687
2018-12-22,4.725057977551941,37687
2018-12-23,1.1604916814816777,37687
2018-12-24,7.289056703903203,37687
2018-12-25,7.454818637726537,37687
2018-12-26,0.065242125932019,37687
2018-12-27,7.915151378459416,37687
2018-12-28,3.2908326478626586,37687
2018-12-29,6.670193170058641,37687
2018-12-30,5.864940165043649,37687
2018-12-31,4.736211956377531,37687
2019-01-01,1.666223631490965,37687
2019-01-02,3.935113434340754,37687
2019-01-03,8.673363228699552,37687
2019-01-04,5.55910340435694,37687
2019-01-05,0.4546060975933346,37687
2019-01-06,6.208828773847746,37687
2019-01-07,8.522654230901903,37687
2019-01-08,1.5508069095444053,37687
2019-01-09,2.6157404410008755,37687
2019-01-10,1.350965054262743,37687
2019-01-11,1.0458508238915274,37687
2019-01-12,1.8824862684745405,37687
2019-01-13,2.275964921590999,37687
2019-01-14,7.38293416828084,37687
2019-01-15,1.0822686868150821,37687
2019-01-16,4.946323135298645,37687
2019-01-17,3.3967320296123336,37687
2019-01-18,8.930029187783585,37687
2019-01-19,5.478318518321968,37687
2019-01-20,3.235060365643325,37687
2019-01-21,8.509674423541274,37687
2019-01-22,7.113128399713428,37687
2019-01-23,8.06186669143206,37687
2019-01-24,7.900439143471223,37687
2019-01-25,7.56955873378088,37687
2019-01-26,4.393278584127153,37687
2019-01-27,8.652411441611166,37687
2019-01-28,2.6245410884389844,37687
2019-01-29,8.740697588027702,37687
2019-01-30,2.058950831851832,37687
2019-01-31,0.024470507071403937,37687
2019-02-01,4.7586910605779185,37687
2019-02-02,7.243405152970519,37687
2019-02-03,0.3844466261575609,37687
2019-02-04,8.405895401597368,37687
2019-02-05,2.4068509034945733,37687
2019-02-06,3.4831156632260467,37687
2019-02-07,1.7272356515509328,37687
2019-02-08,1.1606484994825803,37687
2019-02-09,0.6670806909544406,37687
2019-02-10,4.525587603152281,37687
2019-02-11,1.2962286730172208,37687
2019-02-12,8.6444354817311,37687
2019-02-13,6.712862260195823,37687
2019-02-14,1.2065157746703108,37687
2019-02-15,0.13321145222490513,37687
2019-02-16,2.672088253243824,37687
2019-02-17,8.527046196301113,37687
2019-02-18,4.936677634197469,37687
2019-02-19,0.9311659192825111,37687
2019-02-20,4.853893650330352,37687
2019-02-21,6.989676811632657,37687
2019-02-22,0.15294902751611963,37687
2019-02-23,6.6353039509645235,37687
2019-02-24,4.1196696473585055,37687
2019-02-25,5.00718576697535,37687
2019-02-26,9.443149892535887,37687
2019-02-27,0.05650807970918355,37687
2019-02-28,2.1389733860482396,37687
2019-03-01,7.087854432562952,37687
2019-03-02,0.35013479449146917,37687
2019-03-03,0.013876403003688276,37687
2019-03-04,2.491721017857617,37687
2019-03-05,7.445499243771063,37687
2019-03-06,0.042995993313344125,37687
2019-03-07,3.5166638363361375,37687
2019-03-08,10.273661209435614,37687
2019-03-09,7.12528298882904,37687
2019-03-10,0.0007899275612280098,37687
2019-03-11,8.370673176426886,37687
2019-03-12,8.027864250271977,37687
2019-03-13,9.150737124207287,37687
2019-03-14,5.545385676758563,37687
2019-03-15,8.350457717515322,37687
2019-03-16,8.99668400244116,37687
2019-03-17,8.357030010348394,37687
2019-03-18,5.6244633427972515,37687
2019-03-19,4.795890625414599,37687
2019-03-20,8.181626555576194,37687
2019-03-21,3.004119457637912,37687
2019-03-22,2.593974580093932,37687
2019-03-23,4.751065088757397,37687
2019-03-24,10.957028948974447,37687
2019-03-25,0.6055894605566906,37687
2019-03-26,10.025152439833365,37687
2019-03-27,10.138670098442434,37687
2019-03-28,4.70093560113567,37687
2019-03-29,4.756841881816011,37687
2019-03-30,5.646730702894898,37687
2019-03-31,7.419970281529441,37687
2019-04-01,9.294942287791546,37687
2019-04-02,9.06513147769788,37687
2019-04-03,8.971442141852627,37687
2019-04-04,10.812804680659115,37687
2019-04-05,3.214753628572187,37687
2019-04-06,10.671499721389338,37687
2019-04-07,9.903998726351261,37687
2019-04-08,10.749539363706317,37687
2019-04-09,7.7454416642343515,37687
2019-04-10,1.1688096691166718,37687
2019-04-11,1.7731153978825591,37687
2019-04-12,8.462391275506143,37687
2019-04-13,8.11175790060233,37687
2019-04-14,0.20956908217687797,37687
2019-04-15,10.702050309125163,37687
2019-04-16,8.563864197203278,37687
2019-04-17,2.8642232069413858,37687
2019-04-18,11.179215379308514,37687
2019-04-19,10.69405816329238,37687
2019-04-20,11.098902008650198,37687
2019-04-21,10.761765595563459,37687
2019-04-22,5.7331493618489135,37687
2019-04-23,0.0636943773715074,37687
2019-04-24,0.406853291585958,37687
2019-04-25,2.8560527502852437,37687
2019-04-26,3.932800169819832,37687
2019-04-27,9.793261071457003,37687
2019-04-28,3.358653912489718,37687
2019-04-29,0.00699073951229867,37687
2019-04-30,0.002359964974659697,37687
2019-05-01,0.43009233953352616,37687
2019-05-02,10.360436490036353,37687
2019-05-03,10.40221800620904,37687
2019-05-04,10.681486984901957,37687
2019-05-05,10.531961949743945,37687
2019-05-06,4.093994215511981,37687
2019-05-07,11.60872608591822,37687
2019-05-08,9.586131557300927,37687
2019-05-09,2.308088200175127,37687
2019-05-10,8.427067423780084,37687
2019-05-11,8.769905803062064,37687
2019-05-12,8.762123543927615,37687
2019-05-13,6.7017610847241755,37687
2019-05-14,1.632583384190835,37687
2019-05-15,9.531501048106776,37687
2019-05-16,8.831863241966726,37687
2019-05-17,7.0522917716984646,37687
2019-05-18,0.1829965240003184,37687
2019-05-19,0.23515933876403006,37687
2019-05-20,1.751355109188845,37687
2019-05-21,11.748970997956857,37687
2019-05-22,12.034775121394645,37687
2019-05-23,12.526569374054715,37687
2019-05-24,12.388041499721389,37687
2019-05-25,11.163058083689334,37687
2019-05-26,8.05399341948152,37687
2019-05-27,0.17852654761588876,37687
2019-05-28,2.71792527927402,37687
2019-05-29,6.508942340860243,37687
2019-05-30,10.680403322100458,37687
2019-05-31,0.2251948947913074,37687
2019-06-01,5.43028338684427,37687
2019-06-02,0.16947780401730037,37687
2019-06-03,2.424345530288959,37687
2019-06-04,0.8326284925836496,37687
2019-06-05,9.22236182237907,37687
2019-06-06,10.195662164672168,37687
2019-06-07,0.9716241674848091,37687
2019-06-08,3.5911773290524587,37687
2019-06-09,4.290000530686974,37687
2019-06-10,9.21718842041022,37687
2019-06-11,7.810643457956323,37687
2019-06-12,8.504277337012763,37687
2019-06-13,9.967784647225834,37687
2019-06-14,0.08937113593546847,37687
2019-06-15,2.19975747605275,37687
2019-06-16,7.78674343938228,37687
2019-06-17,10.567836389205826,37687
2019-06-18,0.3279316475177117,37687
2019-06-19,5.457875394698437,37687
2019-06-20,9.692969193621144,37687
2019-06-21,4.543538620744553,37687
2019-06-22,5.949030169554488,37687
2019-06-23,6.573349961525193,37687
2019-06-24,10.930719611537135,37687
2019-06-25,10.136490832382519,37687
2019-06-26,0.12323029161249238,37687
2019-06-27,2.0695550189720593,37687
2019-06-28,1.7302783453180144,37687
2019-06-29,0.8174627855759281,37687
2019-06-30,0.036808979223604966,37687
2019-07-01,0.16231034574256376,37687
2019-07-02,0.13146443070554834,37687
2019-07-03,0.001642741528909173,37687
2019-07-04,5.342419401915779,37687
2019-07-05,1.8886785894340226,37687
2019-07-06,8.224888688407143,37687
2019-07-07,8.281894021811235,37687
2019-07-08,2.9669811871467613,37687
2019-07-09,2.6951521744898774,37687
2019-07-10,0.09885318544856318,37687
2019-07-11,2.6648722371109397,37687
2019-07-12,7.7279865736195505,37687
2019-07-13,0.08913020404914163,37687
2019-07-14,0.2561801151590734,37687
2019-07-15,6.545399209276408,37687
2019-07-16,6.5139777642157775,37687
2019-07-17,2.1115729561917904,37687
2019-07-18,0.9915721601613288,37687
2019-07-19,0.019139225727704514,37687
2019-07-20,0.05302146628810996,37687
2019-07-21,0.3030864754424602,37687
2019-07-22,2.623281237562024,37687
2019-07-23,2.707566534879401,37687
2019-07-24,5.1410292673866325,37687
2019-07-25,7.065688964364369,37687
2019-07-26,8.40752301854751,37687
2019-07-27,7.6007265104677995,37687
2019-07-28,10.337280759943747,37687
2019-07-29,5.234372860668135,37687
2019-07-30,9.044868256958633,37687
2019-07-31,9.715422824846765,37687
2019-08-01,9.62354737707963,37687
2019-08-02,10.178863533844563,37687
2019-08-03,10.838693714012791,37687
2019-08-04,10.558111019715021,37687
2019-08-05,8.764581420649032,37687
2019-08-06,1.4817188951097195,37687
2019-08-07,5.725220898453047,37687
2019-08-08,7.661644068246345,37687
2019-08-09,4.632617878844163,37687
2019-08-10,8.092171836442274,37687
2019-08-11,6.877980470719346,37687
2019-08-12,7.076069201581449,37687
2019-08-13,4.795703558256163,37687
2019-08-14,1.4217531244195611,37687
2019-08-15,0.025785018706715845,37687
2019-08-16,6.691466288109957,37687
2019-08-17,9.858241568710696,37687
2019-08-18,0.7413383925491549,37687
2019-08-19,0.16235227001353253,37687
2019-08-20,0.7049497174091862,37687
2019-08-21,8.074803778491257,37687
2019-08-22,5.381777536020378,37687
2019-08-23,1.6087321888184254,37687
2019-08-24,0.5119675219571737,37687
2019-08-25,0.12474646429803382,37687
2019-08-26,0.17002361557035583,37687
2019-08-27,0.0021349536975614936,37687
2019-08-28,0.7658590495396291,37687
2019-08-29,3.5365606177196383,37687
2019-08-30,1.7025364183936107,37687
2019-08-31,1.3447546899461353,37687
2019-09-01,1.1323575768832754,37687
2019-09-02,2.82355852150609,37687
2019-09-03,7.0998803300872995,37687
2019-09-04,5.309921723671292,37687
2019-09-05,6.496065221429141,37687
2019-09-06,3.7495457319500094,37687
2019-09-07,2.4996327646137932,37687
2019-09-08,7.360347069281185,37687
2019-09-09,7.3386027011967006,37687
2019-09-10,8.432272136280416,37687
2019-09-11,7.554165892748164,37687
2019-09-12,6.02491973359514,37687
2019-09-13,5.063668639053255,37687
2019-09-14,6.183096027807998,37687
2019-09-15,9.371757369915356,37687
2019-09-16,8.848852124074615,37687
2019-09-17,8.967819407222649,37687
2019-09-18,8.906995250351581,37687
2019-09-19,10.305311911269138,37687
2019-09-20,0.46050945949531674,37687
2019-09-21,1.131911003794412,37687
2019-09-22,0.057594661289038666,37687
2019-09-23,3.6974630509194144,37687
2019-09-24,7.319919335579909,37687
2019-09-25,8.022422586037624,37687
2019-09-26,1.5547939607822328,37687
2019-09-27,3.9908345052670686,37687
2019-09-28,4.446632791148141,37687
2019-09-29,2.74609122509088,37687
2019-09-30,4.047865311645926,37687
2019-10-01,0.21609838936503303,37687
2019-10-02,1.5675625547270944,37687
2019-10-03,3.6191694748852394,37687
2019-10-04,8.334933266112984,37687
2019-10-05,9.244939899700162,37687
2019-10-06,6.548823732321491,37687
2019-10-07,2.762267625441133,37687
2019-10-08,4.616250696526653,37687
2019-10-09,9.873724891872529,37687
2019-10-10,10.01111576936344,37687
2019-10-11,6.681712792209516,37687
2019-10-12,3.7275251412954065,37687
2019-10-13,8.306063629368216,37687
2019-10-14,9.030062090375992,37687
2019-10-15,7.636816408841245,37687
2019-10-16,9.281968052644148,37687
2019-10-17,0.6582076047443415,37687
2019-10-18,0.45733648207604743,37687
2019-10-19,3.590604717807202,37687
2019-10-20,3.824767161090031,37687
2019-10-21,3.3134762650250753,37687
2019-10-22,8.28838352747632,37687
2019-10-23,0.3672138933849869,37687
2019-10-24,0.4675885583888344,37687
2019-10-25,4.5744625467667905,37687
2019-10-26,4.739093851991403,37687
2019-10-27,4.31406851168838,37687
2019-10-28,6.043732056146682,37687
2019-10-29,5.733168997266962,37687
2019-10-30,7.6077506832594795,37687
2019-10-31,8.777095284846235,37687
2019-11-01,8.978195133600448,37687
2019-11-02,8.090503091251627,37687
2019-11-03,1.8903627245469257,37687
2019-11-04,7.338011250563857,37687
2019-11-05,9.126075039138165,37687
2019-11-06,9.436274046753523,37687
2019-11-07,3.4204420622495815,37687
2019-11-08,8.47351102502189,37687
2019-11-09,8.314024464669515,37687
2019-11-10,7.6609085360999805,37687
2019-11-11,5.432036776607318,37687
2019-11-12,8.282072067291109,37687
2019-11-13,2.562581792129912,37687
2019-11-14,6.576916443335898,37687
2019-11-15,9.279821423833152,37687
2019-11-16,9.18405391779659,37687
2019-11-17,7.2903908509565625,37687
2019-11-18,0.43746915381961954,37687
2019-11-19,4.177858147371773,37687
2019-11-20,8.474868787645608,37687
2019-11-21,8.22592591609839,37687
2019-11-22,0.02000955236553719,37687
2019-11-23,5.06647491177329,37687
2019-11-24,2.053704195080532,37687
2019-11-25,2.8471908085016056,37687
2019-11-26,3.3763271154509518,37687
2019-11-27,0.25777960569957814,37687
2019-11-28,1.7565996232122483,37687
2019-11-29,8.290527502852443,37687
2019-11-30,8.206412025366836,37687
2019-12-01,4.364674025526044,37687
2019-12-02,1.9892864913630697,37687
2019-12-03,4.287866107676387,37687
2019-12-04,6.754065592910022,37687
2019-12-05,0.4827043808209728,37687
2019-12-06,0.22977949956218327,37687
2019-12-07,2.27452384111232,37687
2019-12-08,6.952388887414759,37687
2019-12-09,6.937988165680474,37687
2019-12-10,6.045994374718073,37687
2019-12-11,1.2999729349643114,37687
2019-12-12,7.097976225223552,37687
2019-12-13,8.121165919282511,37687
2019-12-14,4.534690742165733,37687
2019-12-15,6.81792899408284,37687
2019-12-16,2.3537171969114015,37687
2019-12-17,0.9173818558123491,37687
2019-12-18,4.4219789317271205,37687
2019-12-19,1.735242125932019,37687
2019-12-20,7.116551330697589,37687
2019-12-21,0.7166717966407515,37687
2019-12-22,0.022404542680499906,37687
2019-12-23,7.152672008915543,37687
2019-12-24,2.5587178602701197,37687
2019-12-25,0.30782020325311116,37687
2019-12-26,0.17981532093294772,37687
2019-12-27,4.727733966619789,37687
2019-12-28,6.9349457372568795,37687
2019-12-29,0.3150335659511237,37687
2019-12-30,0.0012306630933743732,37687
2019-12-31,4.396742112664844,37687
2020-01-01,8.612562952742326,37687
2020-01-02,7.668451720752514,37687
2020-01-03,4.694123703133707,37687
2020-01-04,8.336503834213389,37687
2020-01-05,8.157343646350203,37687
2020-01-06,1.1415939183272747,37687
2020-01-07,0.8155456788813119,37687
2020-01-08,3.5789410141428077,37687
2020-01-09,5.83698967813835,37687
2020-01-10,8.39646589009473,37687
2020-01-11,4.140895003582137,37687
2020-01-12,0.8460214397537612,37687
2020-01-13,5.079339294717012,37687
2020-01-14,0.05437312601162204,37687
2020-01-15,3.91562475124048,37687
2020-01-16,0.1591686788547775,37687
2020-01-17,2.708885292010507,37687
2020-01-18,3.703399050070316,37687
2020-01-19,2.034907793138218,37687
2020-01-20,2.170214928224587,37687
2020-01-21,8.77486109268448,37687
2020-01-22,0.06439223074269643,37687
2020-01-23,2.8243224454055773,37687
2020-01-24,0.45119855653142993,37687
2020-01-25,0.06724944941226418,37687
2020-01-26,0.3069554488285085,37687
2020-01-27,0.6028386446254678,37687
2020-01-28,3.0789916947488525,37687
2020-01-29,4.2316552126728055,37687
2020-01-30,3.2715031708546713,37687
2020-01-31,4.673122031469738,37687
2020-02-01,7.128293576034176,37687
2020-02-02,7.241380316820124,37687
2020-02-03,3.265868071218192,37687
2020-02-04,7.925959880064744,37687
2020-02-05,7.166324196672593,37687
2020-02-06,8.338990898718391,37687
2020-02-07,0.23572452039164699,37687
2020-02-08,6.225204181813357,37687
2020-02-09,3.1228872024836156,37687
2020-02-10,6.392626369835752,37687
2020-02-11,6.598767214158729,37687
2020-02-12,0.02293098415899382,37687
2020-02-13,6.9360402791413485,37687
2020-02-14,5.207961896675245,37687
2020-02-15,0.6138381935415396,37687
2020-02-16,0.16365722928330725,37687
2020-02-17,1.8465823758855842,37687
2020-02-18,3.6643757794464937,37687
2020-02-19,9.67294053652453,37687
2020-02-20,8.07105925120068,37687
2020-02-21,8.939573062329185,37687
2020-02-22,4.743497757847533,37687
2020-02-23,10.082900469657973,37687
2020-02-24,9.70251227213628,37687
2020-02-25,3.368030885981904,37687
2020-02-26,3.337501525725051,37687
2020-02-27,5.311255605381166,37687
2020-02-28,1.9395069918008863,37687
2020-02-29,0.02070846711067477,37687
2020-03-01,0.06592830418977368,37687
2020-03-02,7.309992835725846,37687
2020-03-03,2.904741157428291,37687
2020-03-04,0.822294159789848,37687
2020-03-05,8.19674635816064,37687
2020-03-06,10.007117308355667,37687
2020-03-07,0.3447082548358851,37687
2020-03-08,8.145512776288905,37687
2020-03-09,2.6503101865364713,37687
2020-03-10,0.9720723326345955,37687
2020-03-11,9.162352800700505,37687
2020-03-12,9.571304163239315,37687
2020-03-13,0.9432804415315625,37687
2020-03-14,6.773453976172155,37687
2020-03-15,5.837575821901451,37687
2020-03-16,7.486628545652347,37687
2020-03-17,8.660315758749702,37687
2020-03-18,7.940346803937697,37687
2020-03-19,3.754665534534455,37687
2020-03-20,11.099164433358983,37687
2020-03-21,10.69955581500252,37687
2020-03-22,1.0737917584312893,37687
2020-03-23,10.06148300474965,37687
2020-03-24,10.63364847294823,37687
2020-03-25,10.850922068617827,37687
2020-03-26,0.013027834531801417,37687
2020-03-27,0.043031549340621436,37687
2020-03-28,0.08103404356940058,37687
2020-03-29,7.432794332263114,37687
2020-03-30,0.01876217263247274,37687
2020-03-31,0.5059683710563324,37687
2020-04-01,1.2115371348210262,37687
2020-04-02,10.034246557168254,37687
2020-04-03,3.202785045241064,37687
2020-04-04,10.284650409955688,37687
2020-04-05,9.75621965133866,37687
2020-04-06,10.921674052060393,37687
2020-04-07,9.652323612916922,37687
2020-04-08,10.75552365537188,37687
2020-04-09,9.408010719876879,37687
2020-04-10,7.892808395467934,37687
2020-04-11,5.691974686231327,37687
2020-04-12,0.18578554939369016,37687
2020-04-13,2.3978276328707513,37687
2020-04-14,11.746166051954255,37687
2020-04-15,5.237059728818957,37687
2020-04-16,10.187671080213336,37687
2020-04-17,0.7146363467508691,37687
2020-04-18,10.456952795393638,37687
2020-04-19,2.269425266006846,37687
2020-04-20,5.605544352163876,37687
2020-04-21,3.837802425239472,37687
2020-04-22,10.669448085546742,37687
2020-04-23,4.659138429697244,37687
2020-04-24,10.688934645899119,37687
2020-04-25,11.144561519887494,37687
2020-04-26,2.704257966938201,37687
2020-04-27,9.50238039642317,37687
2020-04-28,11.263743996603605,37687
2020-04-29,12.28068193276196,37687
2020-04-30,12.27733807413697,37687
2020-05-01,11.415275824554886,37687
2020-05-02,9.178369994958475,37687
2020-05-03,0.37016902380131084,37687
2020-05-04,5.822165468198584,37687
2020-05-05,6.61981240215459,37687
2020-05-06,6.3069405895932285,37687
2020-05-07,12.189245097779077,37687
2020-05-08,9.273702072332632,37687
2020-05-09,1.254298829835222,37687
2020-05-10,0.6734494653328734,37687
2020-05-11,11.529077931382174,37687
2020-05-12,6.196228938360708,37687
2020-05-13,12.232193329264733,37687
2020-05-14,12.270552445140234,37687
2020-05-15,0.4764958739087749,37687
2020-05-16,0.3384429644174384,37687
2020-05-17,3.973242497412901,37687
2020-05-18,0.015494467588293048,37687
2020-05-19,9.005832515190914,37687
2020-05-20,8.56639875819248,37687
2020-05-21,5.913535701966197,37687
2020-05-22,7.06608485684719,37687
2020-05-23,6.85033167935893,37687
2020-05-24,7.956983840581632,37687
2020-05-25,4.414606362936821,37687
2020-05-26,0.3204898240772681,37687
2020-05-27,6.831086050892881,37687
2020-05-28,10.692608326478627,37687
2020-05-29,10.757269084830313,37687
2020-05-30,0.670147530978852,37687
2020-05-31,2.033385252208985,37687
2020-06-01,0.9658611722875263,37687
2020-06-02,11.269517340196884,37687
2020-06-03,0.912489187252899,37687
2020-06-04,3.4416727253429564,37687
2020-06-05,7.4953957598110765,37687
2020-06-06,0.03871892164406825,37687
2020-06-07,10.808378485950064,37687
2020-06-08,9.610875898851063,37687
2020-06-09,6.555696128638522,37687
2020-06-10,8.556790405179505,37687
2020-06-11,0.01884761323533314,37687
2020-06-12,1.7099848754212328,37687
2020-06-13,1.0705691617799242,37687
2020-06-14,1.2551046780056785,37687
2020-06-15,1.8144479528749968,37687
2020-06-16,8.591433385517554,37687
2020-06-17,2.0090360071112054,37687
2020-06-18,0.023074534985538783,37687
2020-06-19,0.8307007721495476,37687
2020-06-20,5.0043359779234216,37687
2020-06-21,1.729887229017964,37687
2020-06-22,12.137567065566376,37687
2020-06-23,12.313611059516543,37687
2020-06-24,10.258319314352429,37687
2020-06-25,1.4316934221349538,37687
2020-06-26,4.697446334279726,37687
2020-06-27,0.7052208984530476,37687
2020-06-28,6.455126436171624,37687
2020-06-29,3.19782312203147,37687
2020-06-30,0.5645270252341656,37687
2020-07-01,5.999685037280761,37687
2020-07-02,8.867385039934195,37687
2020-07-03,0.006488444291134875,37687
2020-07-04,2.083830763923899,37687
2020-07-05,0.7210833974580094,37687
2020-07-06,0.015707007721495473,37687
2020-07-07,0.040042454957943056,37687
2020-07-08,3.9064818107039567,37687
2020-07-09,0.5660580571549871,37687
2020-07-10,0.2600398015230716,37687
2020-07-11,0.8868222463979621,37687
2020-07-12,1.1097020192639373,37687
2020-07-13,0.2735341099052724,37687
2020-07-14,0.3701241807519834,37687
2020-07-15,0.2061692360761005,37687
2020-07-16,2.369203969538568,37687
2020-07-17,6.649795685514898,37687
2020-07-18,5.111310531483005,37687
2020-07-19,4.450010348395998,37687
2020-07-20,6.544399925703824,37687
2020-07-21,5.786309072093825,37687
2020-07-22,5.741112850585082,37687
2020-07-23,2.628904131398095,37687
2020-07-24,0.686899196009234,37687
2020-07-25,2.77839546793324,37687
2020-07-26,1.5219624804309178,37687
2020-07-27,0.10146469604903549,37687
2020-07-28,3.7531973890200865,37687
2020-07-29,8.68371746225489,37687
2020-07-30,10.045455992782657,37687
2020-07-31,9.974427521426486,37687
2020-08-01,8.84767373364821,37687
2020-08-02,10.130238543794944,37687
2020-08-03,7.628808607742724,37687
2020-08-04,10.216128903866055,37687
2020-08-05,10.037706370897128,37687
2020-08-06,8.292431077029216,37687
2020-08-07,4.055093002892244,37687
2020-08-08,6.523250192374028,37687
2020-08-09,6.316472523681905,37687
2020-08-10,2.28965903361902,37687
2020-08-11,2.9029463740812482,37687
2020-08-12,7.583608936768647,37687
2020-08-13,10.537538673813254,37687
2020-08-14,11.240810359009737,37687
2020-08-15,11.610428795075222,37687
2020-08-16,11.403508902273993,37687
2020-08-17,11.250318942871548,37687
2020-08-18,11.582436649242444,37687
2020-08-19,10.941612757714863,37687
2020-08-20,10.43669780030249,37687
2020-08-21,8.059813994215512,37687
2020-08-22,5.8745243717992945,37687
2020-08-23,7.088958261469473,37687
2020-08-24,9.181013081433917,37687
2020-08-25,6.09352402685276,37687
2020-08-26,2.3322448059012393,37687
2020-08-27,2.226185952715791,37687
2020-08-28,4.509717939873166,37687
2020-08-29,10.337110940111975,37687
2020-08-30,9.321123995011542,37687
2020-08-31,8.589472762491043,37687
2020-09-01,4.39466500384748,37687
2020-09-02,1.2909955687637646,37687
2020-09-03,5.791830074030832,37687
2020-09-04,4.087089977976491,37687
2020-09-05,3.111408708573248,37687
2020-09-06,0.15876535675431844,37687
2020-09-07,2.7414861888714936,37687
2020-09-08,8.669724838803832,37687
2020-09-09,4.085161992198902,37687
2020-09-10,6.696584498633481,37687
2020-09-11,2.5748353543662272,37687
2020-09-12,1.571216865232043,37687
2020-09-13,5.49759466128904,37687
2020-09-14,7.3437333828641185,37687
2020-09-15,5.3910902963886755,37687
2020-09-16,0.06276567516650303,37687
2020-09-17,0.3548300474964842,37687
2020-09-18,1.097788362034654,37687
2020-09-19,3.0537546103430895,37687
2020-09-20,4.855969963117256,37687
2020-09-21,9.566191524929021,37687
2020-09-22,3.8508724493857303,37687
2020-09-23,2.128941279486295,37687
2020-09-24,0.0002401358558654178,37687
2020-09-25,5.826578130389789,37687
2020-09-26,3.5557152333695967,37687
2020-09-27,8.227093692785312,37687
2020-09-28,8.76039483110887,37687
2020-09-29,9.612752673335635,37687
2020-09-30,2.55505532411707,37687
2020-10-01,9.317819141879161,37687
2020-10-02,9.712813436994189,37687
2020-10-03,7.15368111019715,37687
2020-10-04,3.6434948390691755,37687
2020-10-05,7.15583569931276,37687
2020-10-06,10.046350200334333,37687
2020-10-07,8.616589805503224,37687
2020-10-08,1.4071549871308409,37687
2020-10-09,2.565921139915621,37687
2020-10-10,5.144728155597421,37687
2020-10-11,3.8819372727996395,37687
2020-10-12,5.422007588823733,37687
2020-10-13,9.761976278292249,37687
2020-10-14,9.039141613819089,37687
2020-10-15,9.27404622283546,37687
2020-10-16,2.066426353915143,37687
2020-10-17,2.485510122854035,37687
2020-10-18,6.148247671610901,37687
2020-10-19,2.873326876641813,37687
2020-10-20,9.735626608644893,37687
2020-10-21,6.285417517977022,37687
2020-10-22,0.018005678350624884,37687
2020-10-23,6.883159179557937,37687
2020-10-24,8.035648897497811,37687
2020-10-25,9.561117626767851,37687
2020-10-26,9.37941571364131,37687
2020-10-27,9.239239525565846,37687
2020-10-28,3.6249239790909336,37687
2020-10-29,6.382020325311116,37687
2020-10-30,7.074957412370314,37687
2020-10-31,9.42008915541168,37687
2020-11-01,3.623430891288773,37687
2020-11-02,0.02395547536285722,37687
2020-11-03,8.235281396768116,37687
2020-11-04,9.6042868893783,37687
2020-11-05,8.158884761323534,37687
2020-11-06,2.294698702470348,37687
2020-11-07,0.2181619656645528,37687
2020-11-08,4.682176877968531,37687
2020-11-09,9.260039801523071,37687
2020-11-10,7.277320296123333,37687
2020-11-11,7.959304269376708,37687
2020-11-12,9.224220553506512,37687
2020-11-13,9.075669063602835,37687
2020-11-14,8.792277443150159,37687
2020-11-15,7.987857085997824,37687
2020-11-16,1.680377053095232,37687
2020-11-17,4.81066893093109,37687
2020-11-18,6.619180353968212,37687
2020-11-19,3.189506195770425,37687
2020-11-20,1.7514729216971368,37687
2020-11-21,8.71652134688354,37687
2020-11-22,1.9851118422798313,37687
2020-11-23,4.802410380237217,37687
2020-11-24,4.507187359036273,37687
2020-11-25,4.611480616658264,37687
2020-11-26,3.940113301669011,37687
2020-11-27,4.381668214503675,37687
2020-11-28,5.868290657255818,37687
2020-11-29,4.915244514023404,37687
2020-11-30,0.9353713482102581,37687
2020-12-01,8.503324488550428,37687
2020-12-02,4.28152837848595,37687
2020-12-03,5.397092100724388,37687
2020-12-04,6.286452357576884,37687
2020-12-05,8.539863348104122,37687
2020-12-06,5.804116273516067,37687
2020-12-07,6.148903335367633,37687
2020-12-08,4.949891739857245,37687
2020-12-09,4.587247326664367,37687
2020-12-10,4.54745986679757,37687
2020-12-11,3.7143386313582933,37687
2020-12-12,5.148655769894129,37687
2020-12-13,6.066570966115637,37687
2020-12-14,2.666030461432324,37687
2020-12-15,5.026889643643697,37687
2020-12-16,3.888831957969591,37687
2020-12-17,7.578772786371958,37687
2020-12-18,4.964143073208268,37687
2020-12-19,4.854016504364901,37687
2020-12-20,6.593677130044843,37687
2020-12-21,6.262777615623424,37687
2020-12-22,6.061662907633933,37687
2020-12-23,6.337004802717117,37687
2020-12-24,0.14801098522036776,37687
2020-12-25,5.465846578395734,37687
2020-12-26,7.8205803062063834,37687
2020-12-27,0.5066455276355242,37687
2020-12-28,7.17984397802956,37687
2020-12-29,2.9236137129514157,37687
2020-12-30,2.185577785443256,37687
2020-12-31,5.30416615809165,37687
2021-01-01,3.286892031735081,37687
2021-01-02,1.5320208559980895,37687
2021-01-03,8.26825138641972,37687
2021-01-04,7.226618462599836,37687
2021-01-05,0.6147422188022396,37687
2021-01-06,2.1179114814126887,37687
2021-01-07,1.5842863586913258,37687
2021-01-08,3.7691325921405254,37687
2021-01-09,4.805361265157747,37687
2021-01-10,5.214383209064133,37687
2021-01-11,2.615787672141587,37687
2021-01-12,2.7208663464855256,37687
2021-01-13,3.8483649534322186,37687
2021-01-14,7.557751479289942,37687
2021-01-15,7.980153633879056,37687
2021-01-16,6.3544766099716075,37687
2021-01-17,5.598530793111684,37687
2021-01-18,4.282569320986016,37687
2021-01-19,8.69380104545334,37687
2021-01-20,8.572979807360628,37687
2021-01-21,3.899358134104598,37687
2021-01-22,2.674929816647651,37687
2021-01-23,0.00020113036325523394,37687
2021-01-24,1.8304333059145066,37687
2021-01-25,7.994054183140076,37687
2021-01-26,0.18071934619364768,37687
2021-01-27,6.111585692679173,37687
2021-01-28,5.244592299732004,37687
2021-01-29,4.688928808342398,37687
2021-01-30,8.217295884522516,37687
2021-01-31,9.216551065354102,37687
2021-02-01,2.4354703213309628,37687
2021-02-02,8.441367845676227,37687
2021-02-03,7.8895489160718535,37687
2021-02-04,5.451933557990819,37687
2021-02-05,5.183246742908695,37687
2021-02-06,4.645988537161355,37687
2021-02-07,7.8112871812561355,37687
2021-02-08,8.690335128824264,37687
2021-02-09,9.69597394326956,37687
2021-02-10,8.796848515403187,37687
2021-02-11,2.439579430572876,37687
2021-02-12,1.4459227319765435,37687
2021-02-13,2.6801247114389577,37687
2021-02-14,1.7072377742988298,37687
2021-02-15,3.6189601188738822,37687
2021-02-16,8.549467190277817,37687
2021-02-17,3.4136781914187915,37687
2021-02-18,2.668547509751373,37687
2021-02-19,8.065503754610344,37687
2021-02-20,9.084584074083903,37687
2021-02-21,9.351606654814658,37687
2021-02-22,6.70168068564757,37687
2021-02-23,9.477357178868045,37687
2021-02-24,9.638803566216467,37687
2021-02-25,4.471046514713296,37687
2021-02-26,0.041220845384350044,37687
2021-02-27,2.5090763393212514,37687
2021-02-28,3.6620590654602387,37687
2021-03-01,4.344606628280309,37687
2021-03-02,2.9245970759147717,37687
2021-03-03,10.108091118953487,37687
2021-03-04,0.9109265794571073,37687
2021-03-05,2.8127991084458834,37687
2021-03-06,0.8765115291745164,37687
2021-03-07,0.17565022421524665,37687
2021-03-08,6.614890811155041,37687
2021-03-09,1.9347342584976253,37687
2021-03-10,10.449267651975484,37687
2021-03-11,7.551424098495503,37687
2021-03-12,0.0995759811075437,37687
2021-03-13,5.94830631252156,37687
2021-03-14,8.245362061188208,37687
2021-03-15,9.867572372436118,37687
2021-03-16,1.4392880834239923,37687
2021-03-17,7.931234112558707,37687
2021-03-18,8.411503966885133,37687
2021-03-19,2.709517605540372,37687
2021-03-20,0.009369278531058456,37687
2021-03-21,0.5275965186934487,37687
2021-03-22,7.440798153209329,37687
2021-03-23,11.168749170801604,37687
2021-03-24,7.921720487170642,37687
2021-03-25,8.46722556849842,37687
2021-03-26,10.571800090216787,37687
2021-03-27,9.181170960808766,37687
2021-03-28,1.0689513625388065,37687
2021-03-29,9.060987343115663,37687
2021-03-30,3.7393010852548625,37687
2021-03-31,6.042307426964205,37687
2021-04-01,6.025914240984955,37687
2021-04-02,2.1924902486268474,37687
2021-04-03,2.4721683869769415,37687
2021-04-04,0.42101732692971044,37687
2021-04-05,7.2301032186165,37687
2021-04-06,9.067900602329717,37687
2021-04-07,11.305510918884496,37687
2021-04-08,5.182497147557513,37687
2021-04-09,9.381211558362299,37687
2021-04-10,10.309019290471516,37687
2021-04-11,11.009159391832728,37687
2021-04-12,0.6383020670257649,37687
2021-04-13,2.49089845304747,37687
2021-04-14,5.927787566004192,37687
2021-04-15,10.523053572850054,37687
2021-04-16,0.10688407143046674,37687
2021-04-17,4.029134184201449,37687
2021-04-18,9.810858916867886,37687
2021-04-19,12.096029400058374,37687
2021-04-20,12.099285960676097,37687
2021-04-21,11.376277230875369,37687
2021-04-22,9.512053758590495,37687
2021-04-23,4.027754663411787,37687
2021-04-24,6.040697588027703,37687
2021-04-25,10.458232016345159,37687
2021-04-26,12.21583676068671,37687
2021-04-27,4.547821264627061,37687
2021-04-28,0.5286149069971078,37687
2021-04-29,1.6727213628041502,37687
2021-04-30,9.842364210470453,37687
2021-05-01,5.243798657361955,37687
2021-05-02,6.680755963594875,37687
2021-05-03,12.092316713986257,37687
2021-05-04,5.850317350810624,37687
2021-05-05,4.279879799400323,37687
2021-05-06,12.129916151458064,37687
2021-05-07,2.158143922307427,37687
2021-05-08,0.3644315015787937,37687
2021-05-09,10.873383129461088,37687
2021-05-10,11.799081380847507,37687
2021-05-11,1.8822718709369282,37687
2021-05-12,0.0188449598004617,37687
2021-05-13,1.0490301695544881,37687
2021-05-14,3.213476530368562,37687
2021-05-15,0.01740255260434633,37687
2021-05-16,1.3018574044100086,37687
2021-05-17,0.06829941359089342,37687
2021-05-18,0.16441107013028367,37687
2021-05-19,4.082998912091703,37687
2021-05-20,0.006259187518242366,37687
2021-05-21,0.22764507655159605,37687
2021-05-22,4.139787459866798,37687
2021-05-23,12.379772335288031,37687
2021-05-24,0.6879112160692015,37687
2021-05-25,5.148185050547934,37687
2021-05-26,0.2984631305224613,37687
2021-05-27,0.9433648207604746,37687
2021-05-28,2.5383373577095547,37687
2021-05-29,10.785710987873802,37687
2021-05-30,11.312191471860325,37687
2021-05-31,11.90549659033619,37687
2021-06-01,12.043193939554753,37687
2021-06-02,1.2184851540318942,37687
2021-06-03,0.008115530554302546,37687
2021-06-04,0.06845065937856556,37687
2021-06-05,0.22758776235837289,37687
2021-06-06,2.7153318120306738,37687
2021-06-07,9.509933398784728,37687
2021-06-08,10.562171836442275,37687
2021-06-09,9.461557831613023,37687
2021-06-10,7.585534534454851,37687
2021-06-11,0.08632817682489985,37687
2021-06-12,0.08483933451853425,37687
2021-06-13,1.4447570780375196,37687
2021-06-14,6.526240613474142,37687
2021-06-15,0.4818014169342214,37687
2021-06-16,0.10164566030726777,37687
2021-06-17,2.5771746225488896,37687
2021-06-18,0.23516915647305436,37687
2021-06-19,5.532929922785045,37687
2021-06-20,8.943001300183088,37687
2021-06-21,10.369791174675617,37687
2021-06-22,4.228905192772044,37687
2021-06-23,10.72366916974023,37687
2021-06-24,9.008024517738214,37687
2021-06-25,8.32026852760899,37687
2021-06-26,1.2326099185395496,37687
2021-06-27,1.897946506752992,37687
2021-06-28,1.5306654814657574,37687
2021-06-29,8.872077374160853,37687
2021-06-30,5.648249263671824,37687
2021-07-01,4.201930904555948,37687
2021-07-02,2.6202502189083767,37687
2021-07-03,0.07192374028179478,37687
2021-07-04,3.342607795791652,37687
2021-07-05,6.039270570753841,37687
2021-07-06,3.756927587762358,37687
2021-07-07,1.3209040252606998,37687
2021-07-08,1.7864340488762702,37687
2021-07-09,0.997507097938281,37687
2021-07-10,2.9563125215591586,37687
2021-07-11,5.914692334226657,37687
2021-07-12,3.7412611775943962,37687
2021-07-13,7.9283880383156005,37687
2021-07-14,9.08624459362645,37687
2021-07-15,7.37040969034415,37687
2021-07-16,2.8707923156526123,37687
2021-07-17,1.4603436198158517,37687
2021-07-18,3.367717249980099,37687
2021-07-19,4.303250457717516,37687
2021-07-20,10.617316846658,37687
2021-07-21,6.824754159259161,37687
2021-07-22,3.7444330936397168,37687
2021-07-23,3.8635410088359388,37687
2021-07-24,7.338912622389683,37687
2021-07-25,4.727612969989651,37687
2021-07-26,7.84849391036697,37687
2021-07-27,11.404646695146868,37687
2021-07-28,11.05343885159339,37687
2021-07-29,11.134292196248046,37687
2021-07-30,10.176875049751905,37687
2021-07-31,7.579216440682464,37687
2021-08-01,3.834460158675405,37687
2021-08-02,6.036684267784648,37687
2021-08-03,8.166460317881498,37687
2021-08-04,8.337191073845093,37687
2021-08-05,10.87987741130894,37687
2021-08-06,7.860890758086343,37687
2021-08-07,5.5690630721468946,37687
2021-08-08,1.380109056173216,37687
2021-08-09,4.929375381431263,37687
2021-08-10,5.286741581977871,37687
2021-08-11,0.021626820919680528,37687
2021-08-12,0.09037678775174464,37687
2021-08-13,0.005173136625361531,37687
2021-08-14,0.07522938944463607,37687
2021-08-15,0.8605123782736753,37687
2021-08-16,0.04781622310080398,37687
2021-08-17,0.033502534030302226,37687
2021-08-18,0.13590601533685354,37687
2021-08-19,5.316418658954016,37687
2021-08-20,2.478070422161488,37687
2021-08-21,2.5272858014700033,37687
2021-08-22,2.7860681402074987,37687
2021-08-23,4.679823281237562,37687
2021-08-24,2.7444368084485364,37687
2021-08-25,5.934587258205748,37687
2021-08-26,3.5036803141666892,37687
2021-08-27,8.842213495369757,37687
2021-08-28,9.985718948178418,37687
2021-08-29,10.039499031496272,37687
2021-08-30,9.41221614880463,37687
2021-08-31,9.15776448112081,37687
2021-09-01,6.244576644466262,37687
2021-09-02,2.620826810305941,37687
2021-09-03,1.0108989837344442,37687
2021-09-04,6.323350226868682,37687
2021-09-05,1.7336375938652584,37687
2021-09-06,4.620195823493512,37687
2021-09-07,4.302539867858944,37687
2021-09-08,4.528907050176453,37687
2021-09-09,9.52883195796959,37687
2021-09-10,5.620597553533049,37687
2021-09-11,1.2953981479024594,37687
2021-09-12,0.2637684082044206,37687
2021-09-13,0.027082548358850538,37687
2021-09-14,0.014709581553320774,37687
2021-09-15,3.7433133441239685,37687
2021-09-16,5.1289906333749045,37687
2021-09-17,0.5692302385437948,37687
2021-09-18,7.0153862074455375,37687
2021-09-19,9.233204022607266,37687
2021-09-20,8.192688990898718,37687
2021-09-21,6.264728420940908,37687
2021-09-22,8.4487802159896,37687
2021-09-23,9.261466553453445,37687
2021-09-24,7.989323904794757,37687
2021-09-25,7.93340621434447,37687
2021-09-26,7.729761190861571,37687
2021-09-27,5.129316740520604,37687
2021-09-28,1.4326789078462068,37687
2021-09-29,6.480679544670576,37687
2021-09-30,6.552647597314723,37687
2021-10-01,8.216400615596891,37687
2021-10-02,10.252677050441797,37687
2021-10-03,10.377095284846236,37687
2021-10-04,9.848799586064159,37687
2021-10-05,9.765624751240482,37687
2021-10-06,10.132554196407249,37687
2021-10-07,9.45187491708016,37687
2021-10-08,5.226042667232733,37687
2021-10-09,7.233632817682491,37687
2021-10-10,6.885569825138641,37687
2021-10-11,4.0540202191737205,37687
2021-10-12,3.468976835513572,37687
2021-10-13,2.417374691538196,37687
2021-10-14,8.719272693501738,37687
2021-10-15,9.861397829490276,37687
2021-10-16,5.887585904953964,37687
2021-10-17,6.18131557300926,37687
2021-10-18,6.386397431475044,37687
2021-10-19,4.12604664738504,37687
2021-10-20,2.972009180884655,37687
2021-10-21,0.124638204155279,37687
2021-10-22,5.136438559715552,37687
2021-10-23,8.432615225409291,37687
2021-10-24,3.4347735293337225,37687
2021-10-25,3.55144108047868,37687
2021-10-26,9.19041711996179,37687
2021-10-27,8.625849497174094,37687
2021-10-28,9.12406559291002,37687
2021-10-29,8.743511555708865,37687
2021-10-30,3.824118661607451,37687
2021-10-31,6.766571231459125,37687
2021-11-01,6.7784294318995935,37687
2021-11-02,7.027032398439781,37687
2021-11-03,6.963860747737946,37687
2021-11-04,8.2506522142914,37687
2021-11-05,6.833356064425399,37687
2021-11-06,0.062231804070369094,37687
2021-11-07,8.697815427070342,37687
2021-11-08,0.24171730304879663,37687
2021-11-09,1.6489609149043436,37687
2021-11-10,2.2596179053785126,37687
2021-11-11,2.2915894074879932,37687
2021-11-12,3.584751240480802,37687
2021-11-13,3.947764746464299,37687
2021-11-14,5.319716878499218,37687
2021-11-15,8.30730915169687,37687
2021-11-16,5.288879985140765,37687
2021-11-17,8.214182078700878,37687
2021-11-18,4.414726298193011,37687
2021-11-19,8.05994799267652,37687
2021-11-20,9.121892164406825,37687
2021-11-21,2.327035847905113,37687
2021-11-22,0.03255286968981347,37687
2021-11-23,3.6672735956695943,37687
2021-11-24,3.4420688831692634,37687
2021-11-25,4.989822219863614,37687
2021-11-26,8.304853132379867,37687
2021-11-27,7.943576830206703,37687
2021-11-28,8.759846100777457,37687
2021-11-29,8.657021784700296,37687
2021-11-30,1.6124316077161887,37687
2021-12-01,2.822116114309974,37687
2021-12-02,6.0926465359407755,37687
2021-12-03,4.2263387905643865,37687
2021-12-04,6.896697534959005,37687
2021-12-05,7.525459176904502,37687
2021-12-06,7.165470852017936,37687
2021-12-07,5.570511316899727,37687
2021-12-08,5.737558309231301,37687
2021-12-09,8.187566534879402,37687
2021-12-10,4.246763340143816,37687
2021-12-11,5.523090455594768,37687
2021-12-12,4.051264892403217,37687
2021-12-13,7.2787534162973975,37687
2021-12-14,5.695362326531695,37687
2021-12-15,6.40645368429432,37687
2021-12-16,0.27420410221031133,37687
2021-12-17,1.8675256719823812,37687
2021-12-18,4.875584684373923,37687
2021-12-19,3.5309512564014116,37687
2021-12-20,5.999419959137103,37687
2021-12-21,1.3595274232493966,37687
2021-12-22,7.774100883593811,37687
2021-12-23,8.320951256401411,37687
2021-12-24,1.9969228115795898,37687
2021-12-25,5.8353270358479055,37687
2021-12-26,3.7845811553055424,37687
2021-12-27,4.7914673494839075,37687
2021-12-28,5.240229256772893,37687
2021-12-29,0.14372144240719611,37687
2021-12-30,4.033520842730915,37687
2021-12-31,6.901525459707591,37687
2022-01-01,9.049310902963887,37687
2022-01-02,4.739704672698809,37687
2022-01-03,8.762247990023086,37687
2022-01-04,7.838787645607239,37687
2022-01-05,0.7467293761774617,37687
2022-01-06,3.917250510786212,37687
2022-01-07,8.178400244116007,37687
2022-01-08,5.85669328946321,37687
2022-01-09,4.2562586568312675,37687
2022-01-10,8.693333244885503,37687
2022-01-11,1.3542821131955316,37687
2022-01-12,6.464083901610635,37687
2022-01-13,2.3436020378379814,37687
2022-01-14,8.219399527688592,37687
2022-01-15,1.6458542733568604,37687
2022-01-16,1.7968657627298537,37687
2022-01-17,4.387399899169475,37687
2022-01-18,6.919699631172553,37687
2022-01-19,9.00268607212036,37687
2022-01-20,4.7959413060206435,37687
2022-01-21,6.398094037731844,37687
2022-01-22,2.5577618276859395,37687
2022-01-23,7.960304614323243e-05,37687
2022-01-24,1.3613012444609547,37687
2022-01-25,5.586644466261576,37687
2022-01-26,7.594840926579457,37687
2022-01-27,1.3432870751187411,37687
2022-01-28,6.905968901743306,37687
2022-01-29,1.5804065062223047,37687
2022-01-30,1.5913813781940722,37687
2022-01-31,9.013730994772734,37687
2022-02-01,2.288613845623159,37687
2022-02-02,1.6909199458699287,37687
2022-02-03,1.7169034415050282,37687
2022-02-04,7.936681879693264,37687
2022-02-05,4.747065035688698,37687
2022-02-06,6.754578236527184,37687
2022-02-07,1.8781776209302945,37687
2022-02-08,0.5342659272428157,37687
2022-02-09,5.702374293522966,37687
2022-02-10,2.0758895640406507,37687
2022-02-11,7.380844588319579,37687
2022-02-12,1.6679350969830447,37687
2022-02-13,0.2545869928622602,37687
2022-02-14,5.974459362644944,37687
2022-02-15,5.989656910871123,37687
2022-02-16,4.1433021996975095,37687
2022-02-17,7.731199883248867,37687
2022-02-18,6.852990951787088,37687
2022-02-19,0.02810677421922679,37687
2022-02-20,3.950638151086582,37687
2022-02-21,7.729771804601057,37687
2022-02-22,9.058171252686602,37687
2022-02-23,0.5662626369835752,37687
2022-02-24,10.073250457717515,37687
2022-02-25,10.324579828588107,37687
2022-02-26,9.051907023642105,37687
2022-02-27,10.302088783930799,37687
2022-02-28,8.429727226895215,37687
2022-03-01,0.19399076604664736,37687
2022-03-02,8.44579377504179,37687
2022-03-03,10.281459389179291,37687
2022-03-04,2.9810359009738105,37687
2022-03-05,9.14524849417571,37687
2022-03-06,10.75486029665402,37687
2022-03-07,2.5106012683418686,37687
2022-03-08,10.708636665163056,37687
2022-03-09,10.363989704672699,37687
2022-03-10,10.185662430015654,37687
2022-03-11,5.936530899249077,37687
2022-03-12,7.628212115583623,37687
2022-03-13,1.4469519993631756,37687
2022-03-14,4.779008146045055,37687
2022-03-15,9.665572743917002,37687
2022-03-16,10.992352800700509,37687
2022-03-17,3.3255931753655106,37687
2022-03-18,0.4194380024942289,37687
2022-03-19,2.622047921033778,37687
2022-03-20,5.469251200679279,37687
2022-03-21,0.9925178443495105,37687
2022-03-22,2.6138331520152835,37687
2022-03-23,0.4466829410672115,37687
2022-03-24,10.46950646111391,37687
2022-03-25,6.192278239180619,37687
2022-03-26,0.42817204871706427,37687
2022-03-27,8.273436463502003,37687
2022-03-28,0.9343179345662961,37687
2022-03-29,3.002474858704593,37687
2022-03-30,1.7714551436834987,37687
2022-03-31,0.9773274603974847,37687
2022-04-01,8.480208029293921,37687
2022-04-02,7.836277230875368,37687
2022-04-03,10.208757131106218,37687
2022-04-04,11.712615756096266,37687
2022-04-05,9.233168731923474,37687
2022-04-06,10.419520789662219,37687
2022-04-07,10.774150768169397,37687
2022-04-08,11.656905564252925,37687
2022-04-09,11.837386101308143,37687
2022-04-10,10.923029691936213,37687
2022-04-11,1.188575105474036,37687
2022-04-12,6.094835885053203,37687
2022-04-13,3.032349616578661,37687
2022-04-14,0.3525388064849949,37687
2022-04-15,2.8607416350465673,37687
2022-04-16,10.576654814657575,37687
2022-04-17,11.949979833894975,37687
2022-04-18,2.0120375726377797,37687
2022-04-19,7.158913418420144,37687
2022-04-20,11.239198928012312,37687
2022-04-21,0.186030196088837,37687
2022-04-22,10.930863427707166,37687
2022-04-23,0.015719213521904103,37687
2022-04-24,1.4729819301085256,37687
2022-04-25,7.1982808395467925,37687
2022-04-26,0.23462069148512749,37687
2022-04-27,3.3900801337331177,37687
2022-04-28,8.182517579006023,37687
2022-04-29,0.987094488815772,37687
2022-04-30,8.126751930373871,37687
2022-05-01,4.465549924377106,37687
2022-05-02,8.227876190728898,37687
2022-05-03,12.243062594528617,37687
2022-05-04,11.346578130389789,37687
2022-05-05,6.036515243983336,37687
2022-05-06,0.9518239711306286,37687
2022-05-07,6.295210550057048,37687
2022-05-08,8.524766099716082,37687
2022-05-09,1.624282909225993,37687
2022-05-10,1.7120861304959272,37687
2022-05-11,0.06081778862737814,37687
2022-05-12,0.06847719372727996,37687
2022-05-13,0.0,37687
2022-05-14,8.02618887149415,37687
2022-05-15,0.3292443017486136,37687
2022-05-16,2.533477326399024,37687
2022-05-17,8.806994454321119,37687
2022-05-18,12.314614323241436,37687
2022-05-19,5.2466168705389125,37687
2022-05-20,0.07029824607954997,37687
2022-05-21,4.612588425717091,37687
2022-05-22,12.207217608193806,37687
2022-05-23,1.3745723989704672,37687
2022-05-24,10.517730251810969,37687
2022-05-25,8.32946559821689,37687
2022-05-26,0.1788449598004617,37687
2022-05-27,12.131829278000371,37687
2022-05-28,5.772913206145354,37687
2022-05-29,5.095737256879032,37687
2022-05-30,0.35010772945578056,37687
2022-05-31,8.398116591928252,37687
2022-06-01,2.2232836256534085,37687
2022-06-02,11.907389816116961,37687
2022-06-03,12.460380237217079,37687
2022-06-04,10.915717356117494,37687
2022-06-05,0.0021689176639159394,37687
2022-06-06,4.340390320269589,37687
2022-06-07,8.327452171836445,37687
2022-06-08,8.788547509751371,37687
2022-06-09,7.730699710775599,37687
2022-06-10,2.5492830418977372,37687
2022-06-11,0.011512457876721416,37687
2022-06-12,7.871892164406825,37687
2022-06-13,0.009272958845225145,37687
2022-06-14,0.0014853928410327169,37687
2022-06-15,4.0507052829888295,37687
2022-06-16,6.633318650993711,37687
2022-06-17,4.152366863905326,37687
2022-06-18,4.818841510335129,37687
2022-06-19,1.9707487993207207,37687
2022-06-20,0.1871913391885796,37687
2022-06-21,0.2320699445432112,37687
2022-06-22,3.7671714384270443,37687
2022-06-23,5.046033380210682,37687
2022-06-24,3.3958402101520417,37687
2022-06-25,0.13293814843314672,37687
2022-06-26,4.933087006129434,37687
2022-06-27,7.107826040809829,37687
2022-06-28,10.277264573991031,37687
2022-06-29,11.54137129514156,37687
2022-06-30,11.878718125613608,37687
2022-07-01,12.615324382413034,37687
2022-07-02,8.394850478944996,37687
2022-07-03,0.5133494308382202,37687
2022-07-04,0.4670886512590549,37687
2022-07-05,0.3082877384774591,37687
2022-07-06,1.4338888741475841,37687
2022-07-07,7.380892350147266,37687
2022-07-08,5.318731923474939,37687
2022-07-09,9.327193727279962,37687
2022-07-10,8.532124605301563,37687
2022-07-11,5.764501817602887,37687
2022-07-12,3.618636930506541,37687
2022-07-13,6.522358107570249,37687
2022-07-14,2.7060991853954945,37687
2022-07-15,0.3831074375779447,37687
2022-07-16,5.578919255976862,37687
2022-07-17,1.573531456470401,37687
2022-07-18,0.8435277416615808,37687
2022-07-19,1.1287215750789397,37687
2022-07-20,1.9687849921723672,37687
2022-07-21,2.379959667789954,37687
2022-07-22,9.31812508291984,37687
2022-07-23,9.158046010560671,37687
2022-07-24,5.299824077268023,37687
2022-07-25,6.8509825669328945,37687
2022-07-26,8.817656486321544,37687
2022-07-27,6.013246742908696,37687
2022-07-28,8.987570249688222,37687
2022-07-29,6.304400987077773,37687
2022-07-30,3.2875731684665803,37687
2022-07-31,1.2886196831798766,37687
2022-08-01,7.3834645899116405,37687
2022-08-02,10.792962825377453,37687
2022-08-03,10.819792501393053,37687
2022-08-04,8.240902433199777,37687
2022-08-05,4.966862843951496,37687
2022-08-06,5.871252155915833,37687
2022-08-07,7.651240215458911,37687
2022-08-08,10.037701860057846,37687
2022-08-09,9.54992198901478,37687
2022-08-10,7.935310849895189,37687
2022-08-11,8.555405046833126,37687
2022-08-12,1.0104611669806565,37687
2022-08-13,3.530589858571921,37687
2022-08-14,8.178770132937087,37687
2022-08-15,5.715415395229124,37687
2022-08-16,4.320664685435296,37687
2022-08-17,0.8175522063310956,37687
2022-08-18,4.128500278610661,37687
2022-08-19,6.258852124074614,37687
2022-08-20,2.3149032822989364,37687
2022-08-21,5.213166609175579,37687
2022-08-22,7.206806060445247,37687
2022-08-23,5.500910658847878,37687
2022-08-24,2.1891750470984688,37687
2022-08-25,8.408961445591316,37687
2022-08-26,4.673438320906413,37687
2022-08-27,9.304462016079816,37687
2022-08-28,9.036621646721683,37687
2022-08-29,7.813139809483376,37687
2022-08-30,9.35971953193409,37687
2022-08-31,7.048562368986654,37687
2022-09-01,1.6302183776899197,37687
2022-09-02,0.7356252819274551,37687
2022-09-03,0.1802894897444742,37687
2022-09-04,3.5792387295353834,37687
2022-09-05,0.259342744182344,37687
2022-09-06,1.0436819062276117,37687
2022-09-07,9.361514580624618,37687
2022-09-08,8.902865975004643,37687
2022-09-09,8.750072173428505,37687
2022-09-10,8.60293310690689,37687
2022-09-11,6.786675511449572,37687
2022-09-12,7.5158969936582904,37687
2022-09-13,3.5986907952344316,37687
2022-09-14,7.789810810093667,37687
2022-09-15,6.628174171464962,37687
2022-09-16,5.644452994401252,37687
2022-09-17,0.15624883912224372,37687
2022-09-18,0.01017831082336084,37687
2022-09-19,0.024346326319420495,37687
2022-09-20,8.760699976119087,37687
2022-09-21,7.425353039509646,37687
2022-09-22,4.184553028895905,37687
2022-09-23,3.7139650277283947,37687
2022-09-24,7.463597526998699,37687
2022-09-25,7.331177063708972,37687
2022-09-26,1.0200609578330817,37731
2022-09-27,1.2243815430282794,37731
2022-09-28,4.682268691526861,37731
2022-09-29,4.119170708436034,37731
2022-09-30,9.588211020116086,37731
2022-10-01,9.735520924438791,37731
2022-10-02,9.579402878269859,37731
2022-10-03,9.45068378786674,37731
2022-10-04,5.68756751742599,37731
2022-10-05,5.413619305080703,37731
2022-10-06,1.2239240942461105,37731
2022-10-07,1.0251138321274285,37731
2022-10-08,4.70478121438605,37731
2022-10-09,0.021873790782115505,37731
2022-10-10,5.018182396437943,37731
2022-10-11,4.4174840316980735,37731
2022-10-12,5.5763253028014095,37731
2022-10-13,6.665162333359836,37731
2022-10-14,9.445089448994198,37731
2022-10-15,9.58860247541809,37731
2022-10-16,4.13668071347168,37731
2022-10-17,0.007643847234369617,37731
2022-10-18,7.047465479314093,37731
2022-10-19,9.312067265643636,37731
2022-10-20,10.096539450319368,37731
2022-10-21,8.19446290848374,37731
2022-10-22,5.5747647822745225,37731
2022-10-23,8.003338368980415,37731
2022-10-24,7.301977154064298,37731
2022-10-25,8.667933529458537,37731
2022-10-26,9.732726405343087,37731
2022-10-27,0.6520643502690096,37731
2022-10-28,7.040791391693832,37731
2022-10-29,9.138865124168456,37731
2022-10-30,9.47355331160054,37731
2022-10-31,7.45157986801304,37731
2022-11-01,0.8678439479473113,37731
2022-11-02,4.776684158914421,37731
2022-11-03,6.852905833399592,37731
2022-11-04,8.633422119742388,37731
2022-11-05,9.440865866263817,37731
2022-11-06,8.048357583949539,37731
2022-11-07,6.9972150221303435,37731
2022-11-08,9.514811428268532,37731
2022-11-09,9.608159603509051,37731
2022-11-10,6.79412525509528,37731
2022-11-11,6.302890461424293,37731
2022-11-12,5.365446979936922,37731
2022-11-13,2.7323961729082185,37731
2022-11-14,5.887238345127349,37731
2022-11-15,5.6185881635790205,37731
2022-11-16,8.935062945588507,37731
2022-11-17,0.9534605496806341,37731
2022-11-18,2.775041477829901,37731
2022-11-19,0.2246033765338846,37731
2022-11-20,4.700840157960298,37731
2022-11-21,8.035215605205268,37731
2022-11-22,2.161749224775384,37731
2022-11-23,1.5182202963080755,37731
2022-11-24,6.783822851236383,37731
2022-11-25,8.065649465956376,37731
2022-11-26,5.42696509501471,37731
2022-11-27,7.564364050780526,37731
2022-11-28,7.865366674617689,37731
2022-11-29,0.5155590893429806,37731
2022-11-30,0.33158887917097346,37731
2022-12-01,3.2281458217380927,37731
2022-12-02,3.561322254909756,37731
2022-12-03,2.114998807346744,37731
2022-12-04,0.13007314939969786,37731
2022-12-05,0.1653629641408921,37731
2022-12-06,6.920516551376852,37731
2022-12-07,5.202974212186266,37731
2022-12-08,7.495938353078371,37731
2022-12-09,5.974570512310832,37731
2022-12-10,8.504306273356125,37731
2022-12-11,2.675791789244918,37731
2022-12-12,6.68781770957568,37731
2022-12-13,5.136344120219449,37731
2022-12-14,2.8494052635763696,37731
2022-12-15,6.818711934483582,37731
2022-12-16,1.2723113620100184,37731
2022-12-17,0.012905568365534973,37731
2022-12-18,1.8558161723781503,37731
2022-12-19,4.608850017227214,37731
2022-12-20,7.286033765338846,37731
2022-12-21,0.016752802735151468,37731
2022-12-22,2.615684450451883,37731
2022-12-23,2.442470912512258,37731
2022-12-24,2.8535859107895365,37731
2022-12-25,5.126824891998623,37731
2022-12-26,8.321358829609606,37731
2022-12-27,8.207465214280035,37731
2022-12-28,3.7434814873711275,37731
2022-12-29,7.138062601044234,37731
2022-12-30,4.356808989955209,37731
2022-12-31,6.141892608200155,37731
2023-01-01,8.063313455779067,37731
2023-01-02,7.655798945164454,37731
2023-01-03,8.098681985635155,37731
2023-01-04,8.885211364660359,37731
2023-01-05,8.337688637989983,37731
2023-01-06,3.598106331663619,37731
2023-01-07,3.9454599666057093,37731
2023-01-08,9.069620736264609,37731
2023-01-09,7.952012138559806,37731
2023-01-10,8.540984336487238,37731
2023-01-11,8.45587739524529,37731
2023-01-12,2.176605443799528,37731
2023-01-13,0.010043995653441468,37731
2023-01-14,0.025201293366197558,37731
2023-01-15,0.2127388619437598,37731
2023-01-16,3.1330945376480877,37731
2023-01-17,3.351734647902255,37731
2023-01-18,2.5281998886856965,37731
2023-01-19,1.6854496302774908,37731
2023-01-20,3.9903283771964704,37731
2023-01-21,8.59518671649307,37731
2023-01-22,1.417407701889693,37731
2023-01-23,2.8561821844106974,37731
2023-01-24,1.6202454215366677,37731
2023-01-25,7.005849831703373,37731
2023-01-26,2.649196151705494,37731
2023-01-27,1.1495661392488934,37731
2023-01-28,3.812330709496171,37731
2023-01-29,1.5523508520844929,37731
2023-01-30,7.520226869152686,37731
2023-01-31,9.28752590707906,37731
2023-02-01,3.284754710980361,37731
2023-02-02,5.957873631761681,37731
2023-02-03,2.6083790517081447,37731
2023-02-04,5.953757122790279,37731
2023-02-05,8.414748880231109,37731
2023-02-06,0.013319286528318888,37731
2023-02-07,0.11770798547613368,37731
2023-02-08,8.826480347724681,37731
2023-02-09,2.622929686464711,37731
2023-02-10,0.317392329914394,37731
2023-02-11,2.482416580530598,37731
2023-02-12,4.9304089475497594,37731
2023-02-13,0.06827674856219024,37731
2023-02-14,6.346766849540166,37731
2023-02-15,5.9875746733455255,37731
2023-02-16,9.64815880840688,37731
2023-02-17,3.9315255360313803,37731
2023-02-18,1.5395664042829504,37731
2023-02-19,0.573702790808619,37731
2023-02-20,7.8146871272958585,37731
2023-02-21,5.563480162200843,37731
2023-02-22,6.539389891601071,37731
2023-02-23,0.815206594047335,37731
2023-02-24,0.8312697781664945,37731
2023-02-25,5.769837004055021,37731
2023-02-26,8.85487874691898,37731
2023-02-27,10.314170045850892,37731
2023-02-28,10.167358140521058,37731
2023-03-01,3.6410177307784046,37731
2023-03-02,9.582366489093848,37731
2023-03-03,9.961272693541119,37731
2023-03-04,3.8029675863348444,37731
2023-03-05,10.059925525430018,37731
2023-03-06,10.392308446635393,37731
2023-03-07,10.546934351064111,37731
2023-03-08,9.485755479579128,37731
2023-03-09,0.6752577456203123,37731
2023-03-10,9.793844053960935,37731
2023-03-11,8.95201266862792,37731
2023-03-12,3.8057793326442444,37731
2023-03-13,8.847352574805862,37731
2023-03-14,10.83233229970051,37731
2023-03-15,8.073947417243117,37731
2023-03-16,3.694222522594154,37731
2023-03-17,0.25357451432509076,37731
2023-03-18,2.882350852084493,37731
2023-03-19,10.530142058254487,37731
2023-03-20,3.2155400068908855,37731
2023-03-21,0.00041689857146643344,37731
2023-03-22,3.086964299912539,37731
2023-03-23,0.6354127905435848,37731
2023-03-24,0.16728419601918848,37731
2023-03-25,1.9760003710476797,37731
2023-03-26,0.32250218653096924,37731
2023-03-27,7.653193395351303,37731
2023-03-28,10.864957196999816,37731
2023-03-29,10.33867058917071,37731
2023-03-30,1.924575282923856,37731
2023-03-31,3.6695004108027884,37731
2023-04-01,7.397358935623227,37731
2023-04-02,8.323299674008112,37731
2023-04-03,10.904187538098645,37731
2023-04-04,5.201907450107339,37731
2023-04-05,0.0012819697331107047,37731
2023-04-06,0.11071241154488351,37731
2023-04-07,2.8285746468421196,37731
2023-04-08,11.406845829689114,37731
2023-04-09,11.634586679388303,37731
2023-04-10,10.657493837958178,37731
2023-04-11,6.712007632980838,37731
2023-04-12,6.075048898783494,37731
2023-04-13,11.528608571201401,37731
2023-04-14,0.1253515676764464,37731
2023-04-15,0.09087832286448809,37731
2023-04-16,7.594324030637939,37731
2023-04-17,11.566767114574223,37731
2023-04-18,9.435484614773,37731
2023-04-19,0.33207283135882965,37731
2023-04-20,7.112442023800059,37731
2023-04-21,1.621844637035859,37731
2023-04-22,11.466638042988523,37731
2023-04-23,9.668111102276642,37731
2023-04-24,0.002139619941162439,37731
2023-04-25,0.0034568392038376926,37731
2023-04-26,8.13162995944979,37731
2023-04-27,10.62424982110201,37731
2023-04-28,7.06144152023535,37731
2023-04-29,0.003188889772335745,37731
2023-04-30,3.846743526543161,37731
2023-05-01,12.104220402321697,37731
2023-05-02,12.014124990061221,37731
2023-05-03,8.934397445071694,37731
2023-05-04,0.4077079854761337,37731
2023-05-05,1.5710770984071454,37731
2023-05-06,0.015453075720230051,37731
2023-05-07,2.650340568763086e-07,37731
2023-05-08,8.46668256871008,37731
2023-05-09,12.020034454427394,37731
2023-05-10,11.346085181945883,37731
2023-05-11,9.824823884869206,37731
2023-05-12,7.885400068908855,37731
2023-05-13,0.002153666746176884,37731
2023-05-14,8.307718851872467,37731
2023-05-15,11.755745143250909,37731
2023-05-16,12.555532850971352,37731
2023-05-17,10.410911452121598,37731
2023-05-18,0.04398796745381781,37731
2023-05-19,0.3045190957037979,37731
2023-05-20,7.170610108398929,37731
2023-05-21,11.71049640878853,37731
2023-05-22,5.514507169171238,37731
2023-05-23,10.590978505737988,37731
2023-05-24,11.143871882536908,37731
2023-05-25,3.375264371471734,37731
2023-05-26,5.936225119927911,37731
2023-05-27,6.022320108133894,37731
2023-05-28,2.4752611910630518,37731
2023-05-29,3.070553921178872,37731
2023-05-30,1.027788555829424,37731
2023-05-31,2.115773766929051,37731
2023-06-01,0.8397540483952188,37731
2023-06-02,1.145461291775993,37731
2023-06-03,12.675080967904377,37731
2023-06-04,9.997150088786409,37731
2023-06-05,0.6703893350295513,37731
2023-06-06,0.01224801887042485,37731
2023-06-07,9.32287800482362,37731
2023-06-08,0.018419866952903447,37731
2023-06-09,4.092493970475206,37731
2023-06-10,0.493634146987888,37731
2023-06-11,0.9247711430918873,37731
2023-06-12,3.7803612414195222,37731
2023-06-13,1.1710961808592404,37731
2023-06-14,0.2282049243327768,37731
2023-06-15,6.539536720468581,37731
2023-06-16,9.466744586679388,37731
2023-06-17,8.146569929235906,37731
2023-06-18,0.5212067000609578,37731
2023-06-19,11.317625294850387,37731
2023-06-20,6.1108226657125435,37731
2023-06-21,0.09655031671569798,37731
2023-06-22,7.871192388221887,37731
2023-06-23,4.268315443534494,37731
2023-06-24,3.2872200577774247,37731
2023-06-25,0.0668050144443561,37731
2023-06-26,2.737683337308844,37731
2023-06-27,6.101236913943442,37731
2023-06-28,2.043462139884975,37731
2023-06-29,2.059185550343219,37731
2023-06-30,0.20621398849752193,37731
2023-07-01,0.01752166653414964,37731
2023-07-02,3.483403567358405,37731
2023-07-03,1.0110042140415043,37731
2023-07-04,2.1586854310778936,37731
2023-07-05,0.49253054517505507,37731
2023-07-06,8.84374254591715,37731
2023-07-07,0.912880125096075,37731
2023-07-08,1.1438342477008294,37731
2023-07-09,1.3701105192017176,37731
2023-07-10,4.698328695237338,37731
2023-07-11,7.532730645887997,37731
2023-07-12,2.5432373910047437,37731
2023-07-13,4.124262542736742,37731
2023-07-14,0.13718480824785984,37731
2023-07-15,4.272819697331108,37731
2023-07-16,10.436656595372504,37731
2023-07-17,9.969253664095838,37731
2023-07-18,7.927751186027404,37731
2023-07-19,2.2509358352548303,37731
2023-07-20,1.775207389149506,37731
2023-07-21,2.322728790649599,37731
2023-07-22,4.054841907185073,37731
2023-07-23,5.692039967135777,37731
2023-07-24,5.977259547851898,37731
2023-07-25,7.106359492194748,37731
2023-07-26,9.329335294585356,37731
2023-07-27,9.203362222045534,37731
2023-07-28,10.05565768201214,37731
2023-07-29,8.54919588667144,37731
2023-07-30,5.590105748588693,37731
2023-07-31,1.9203159205957967,37731
2023-08-01,6.293059553152581,37731
2023-08-02,6.304922212504307,37731
2023-08-03,6.935792584347089,37731
2023-08-04,7.19320214147518,37731
2023-08-05,5.931031777583419,37731
2023-08-06,4.561571651957277,37731
2023-08-07,3.144915851686941,37731
2023-08-08,1.4836524343378126,37731
2023-08-09,0.07730009806260103,37731
2023-08-10,1.6921799051178077,37731
2023-08-11,8.97492883835573,37731
2023-08-12,8.114979459860592,37731
2023-08-13,10.439050648008271,37731
2023-08-14,10.363903951657788,37731
2023-08-15,4.734424213511436,37731
2023-08-16,4.721308473138798,37731
2023-08-17,1.957596406138189,37731
2023-08-18,0.9323158675889852,37731
2023-08-19,5.940709496170258,37731
2023-08-20,9.044818054119956,37731
2023-08-21,8.864319790093028,37731
2023-08-22,8.743040470700484,37731
2023-08-23,1.9151565026105857,37731
2023-08-24,4.782641329410828,37731
2023-08-25,2.088929527444277,37731
2023-08-26,7.535181415811931,37731
2023-08-27,7.6693504015265965,37731
2023-08-28,9.192566059738677,37731
2023-08-29,9.021030452413134,37731
2023-08-30,2.9801216506321064,37731
2023-08-31,0.7420754816993984,37731
2023-09-01,0.1636534944740399,37731
2023-09-02,1.7028594524396385,37731
2023-09-03,9.035090244096367,37731
2023-09-04,10.522483634146989,37731
2023-09-05,3.1549288383557292,37731
2023-09-06,5.5208266412233975,37731
2023-09-07,10.215132914579524,37731
2023-09-08,7.745828363944768,37731
2023-09-09,8.660799607749595,37731
2023-09-10,6.852986138718826,37731
2023-09-11,7.736681508573851,37731
2023-09-12,6.211151572977128,37731
2023-09-13,1.9540203016087572,37731
2023-09-14,0.2851368900903767,37731
2023-09-15,4.952061434894385,37731
2023-09-16,7.163304179587077,37731
2023-09-17,4.822855741962843,37731
2023-09-18,4.408480824785985,37731
2023-09-19,5.867365561474649,37731
2023-09-20,4.5963905011794015,37731
2023-09-21,2.510152659616761,37731
2023-09-22,2.2743118390713204,37731
2023-09-23,3.354306538390183,37731
2023-09-24,9.570401526596168,37731
2023-09-25,3.2302075216665345,37731
2023-09-26,4.708442924915852,37731
2023-09-27,7.750662320108134,37731
2023-09-28,6.797293207177122,37731
2023-09-29,9.284128170469907,37731
2023-09-30,7.749075296175558,37731
2023-10-01,4.09543187299568,37731
2023-10-02,8.307283665951076,37731
2023-10-03,3.12223741750815,37731
2023-10-04,5.103233415493891,37731
2023-10-05,4.0666253213537935,37731
2023-10-06,8.277461238769183,37731
2023-10-07,0.9696461795340702,37731
2023-10-08,0.0011253346054968063,37731
2023-10-09,0.8766921099361267,37731
2023-10-10,7.854312369139436,37731
2023-10-11,7.56288993135618,37731
2023-10-12,9.725577111658847,37731
2023-10-13,4.816758633484403,37731
2023-10-14,1.0559068140256023,37731
2023-10-15,8.239517107948371,37731
2023-10-16,9.034755506082531,37731
2023-10-17,9.380131456892208,37731
2023-10-18,10.032294134796322,37731
2023-10-19,9.564214836606505,37731
2023-10-20,0.7012732236092338,37731
2023-10-21,9.4737502319048,37731
2023-10-22,10.024356629826933,37731
2023-10-23,9.844923537674589,37731
2023-10-24,7.9244790755612105,37731
2023-10-25,9.718356258779254,37731
2023-10-26,9.58454771938194,37731
2023-10-27,7.025440089051443,37731
2023-10-28,8.147865150671862,37731
2023-10-29,8.096056823301794,37731
2023-10-30,8.546007261933159,37731
2023-10-31,9.723027484031698,37731
2023-11-01,9.669728340091702,37731
2023-11-02,9.872653255943389,37731
2023-11-03,9.54652460841218,37731
2023-11-04,5.810919933211418,37731
2023-11-05,7.5937345948954444,37731
2023-11-06,0.3492640004240545,37731
2023-11-07,7.578944899419575,37731
2023-11-08,8.494437995282395,37731
2023-11-09,3.820457448782169,37731
2023-11-10,0.09256950518141581,37731
2023-11-11,5.952611380562402,37731
2023-11-12,2.655100050356471,37731
2023-11-13,6.485580292067531,37731
2023-11-14,7.763453393761098,37731
2023-11-15,7.301667064217752,37731
2023-11-16,1.3312207468659722,37731
2023-11-17,2.41347194614508,37731
2023-11-18,5.037127560891575,37731
2023-11-19,6.734872651135671,37731
2023-11-20,8.724403805889056,37731
2023-11-21,9.178798865654237,37731
2023-11-22,8.50426704831571,37731
2023-11-23,7.189163287482442,37731
2023-11-24,5.040163526013092,37731
2023-11-25,8.500517876547137,37731
2023-11-26,6.515014179322043,37731
2023-11-27,6.052033606318413,37731
2023-11-28,6.060395960880973,37731
2023-11-29,5.0345140600567175,37731
2023-11-30,0.8164586149320189,37731
2023-12-01,1.4862892581696747,37731
2023-12-02,8.245738782433541,37731
2023-12-03,4.95178526940712,37731
2023-12-04,7.789430971879887,37731
2023-12-05,1.463610558956826,37731
2023-12-06,4.073798468103151,37731
2023-12-07,8.185070896610215,37731
2023-12-08,8.871233998568817,37731
2023-12-09,3.009242267631391,37731
2023-12-10,7.992605549813151,37731
2023-12-11,0.0120304259097294,37731
2023-12-12,0.40887121995176384,37731
2023-12-13,8.740411597890327,37731
2023-12-14,1.1133614269433623,37731
2023-12-15,1.5545129999204899,37731
2023-12-16,0.18592722164798178,37731
2023-12-17,2.295573136147995,37731
2023-12-18,3.5441308208104743,37731
2023-12-19,0.0006784871856033502,37731
2023-12-20,0.8808467838117197,37731
2023-12-21,1.425524104847473,37731
2023-12-22,3.7669226895656096,37731
2023-12-23,4.644850123240837,37731
2023-12-24,4.244950836182449,37731
2023-12-25,3.39185815377276,37731
2023-12-26,4.4242249079006655,37731
2023-12-27,8.28559725424717,37731
2023-12-28,6.8695457316265145,37731
2023-12-29,8.55198961066497,37731
2023-12-30,2.8413426625321354,37731
2023-12-31,3.4004081524475898,37731
2024-01-01,5.84275661922557,37731
2024-01-02,8.22477776894331,37731
2024-01-03,0.08159470992022476,37731
2024-01-04,8.720831146802366,37731
2024-01-05,7.0678336116190925,37731
2024-01-06,3.249252073891495,37731
2024-01-07,3.4857679361797995,37731
2024-01-08,8.184454162359863,37731
2024-01-09,4.6519487954202114,37731
2024-01-10,1.488851872465612,37731
2024-01-11,7.033557022077337,37731
2024-01-12,3.669511542233177,37731
2024-01-13,9.08211364660359,37731
2024-01-14,9.118635074607088,37731
2024-01-15,6.043674697198591,37731
2024-01-16,8.544272348996847,37731
2024-01-17,7.660196390236146,37731
2024-01-18,0.5686120166441387,37731
2024-01-19,0.20608677215022128,37731
2024-01-20,0.9994935199173095,37731
2024-01-21,3.1989729930296043,37731
2024-01-22,2.1223280591556013,37731
2024-01-23,2.077441096180859,37731
2024-01-24,3.4993649783997247,37731
2024-01-25,6.854813283506931,37731
2024-01-26,8.831930773104345,37731
2024-01-27,6.832693276085976,37731
2024-01-28,3.3227211046619494,37731
2024-01-29,8.550297633245872,37731
2024-01-30,1.8145736927195146,37731
2024-01-31,0.7868710079245183,37731
2024-02-01,0.00938406085181946,37731
2024-02-02,0.8336980201955951,37731
2024-02-03,0.07211364660358857,37731
2024-02-04,0.7074453367257694,37731
2024-02-05,0.5802085818027617,37731
2024-02-06,5.369395457316266,37731
2024-02-07,2.490029948848427,37731
2024-02-08,6.03182926506056,37731
2024-02-09,6.043876388115873,37731
2024-02-10,7.139175744083114,37731
2024-02-11,6.307940950412127,37731
2024-02-12,9.81494924597811,37731
2024-02-13,7.67230526622671,37731
2024-02-14,1.887590310354881,37731
2024-02-15,2.3411619093053457,37731
2024-02-16,5.07635233627521,37731
2024-02-17,9.735672788953382,37731
2024-02-18,8.276438472343697,37731
2024-02-19,0.6352704672550422,37731
2024-02-20,1.6540017492247756,37731
2024-02-21,0.032961490551535876,37731
2024-02-22,0.09611645596459144,37731
2024-02-23,0.2660820015371976,37731
2024-02-24,2.6290474675995865,37731
2024-02-25,1.974138241764067,37731
2024-02-26,5.308851872465612,37731
2024-02-27,7.1422337070313535,37731
2024-02-28,6.334828125414116,37731
2024-02-29,0.003190745010733879,37731
2024-03-01,6.864550369722509,37731
2024-03-02,7.766863056902812,37731
2024-03-03,5.185440089051443,37731
2024-03-04,6.431200339243595,37731
2024-03-05,8.481089820041876e-06,37731
2024-03-06,0.7886549521613527,37731
2024-03-07,6.9850764623254085,37731
2024-03-08,8.918005088653892,37731
2024-03-09,8.77681243539795,37731
2024-03-10,10.585397683602343,37731
2024-03-11,6.367341178341417,37731
2024-03-12,4.108094140097003,37731
2024-03-13,10.357434735363496,37731
2024-03-14,8.766308870689885,37731
2024-03-15,10.91244202380006,37731
2024-03-16,10.622928626328484,37731
2024-03-17,0.06509183430070764,37731
2024-03-18,10.284695343351622,37731
2024-03-19,2.05006784871856,37731
2024-03-20,7.728696562508283,37731
2024-03-21,8.02442315337521,37731
2024-03-22,10.123457634306007,37731
2024-03-23,0.07586334844027458,37731
2024-03-24,0.003439346956083857,37731
2024-03-25,0.004629614905515358,37731
2024-03-26,2.6356939916779307,37731
2024-03-27,9.98551482865548,37731
2024-03-28,0.017641726961914607,37731
2024-03-29,10.56255466327423,37731
2024-03-30,6.399747422543797,37731
2024-03-31,3.3888516074315547,37731
2024-04-01,10.66165619782142,37731
2024-04-02,1.2730693594126847,37731
2024-04-03,0.030576184039649103,37731
2024-04-04,0.7951644536322917,37731
2024-04-05,1.1996647319180516,37731
2024-04-06,0.6221300787151149,37731
2024-04-07,1.3660136227505233,37731
2024-04-08,0.007819034745964858,37731
2024-04-09,6.847910736529645,37731
2024-04-10,11.02561845697172,37731
2024-04-11,0.7001086639633194,37731
2024-04-12,4.869331584108558,37731
2024-04-13,6.574643926744586,37731
2024-04-14,7.623386340144708,37731
2024-04-15,0.12401738623413107,37731
2024-04-16,6.608370835652382,37731
2024-04-17,6.292965201028332,37731
2024-04-18,8.217575468447695,37731
2024-04-19,10.401481275343881,37731
2024-04-20,0.220353555431873,37731
2024-04-21,0.03495057114839256,37731
2024-04-22,0.4977938565105617,37731
2024-04-23,0.1574424213511436,37731
2024-04-24,4.4443091887307515,37731
2024-04-25,11.860830351700193,37731
2024-04-26,0.06188306697410617,37731
2024-04-27,1.5460395960880973,37731
2024-04-28,5.051940314330392,37731
2024-04-29,0.4839172033606319,37731
2024-04-30,1.2069656250828231,37731
2024-05-01,0.031761151307943075,37731
2024-05-02,7.623807214227028,37731
2024-05-03,8.28642283533434,37731
2024-05-04,6.418313853330154,37731
2024-05-05,1.0261103601812833,37731
2024-05-06,0.062241923087116686,37731
2024-05-07,4.098784288781108,37731
2024-05-08,3.798662373114946,37731
2024-05-09,12.418801250960747,37731
2024-05-10,12.255084148313058,37731
2024-05-11,6.9154003339429115,37731
2024-05-12,7.473960403911905e-05,37731
2024-05-13,6.024100606927991,37731
2024-05-14,12.653241101481541,37731
2024-05-15,6.926461530306645,37731
2024-05-16,11.385181150777873,37731
2024-05-17,12.573358511568737,37731
2024-05-18,11.622307651533221,37731
2024-05-19,7.302879329993902,37731
2024-05-20,7.9366518247594815,37731
2024-05-21,8.568842066205507,37731
2024-05-22,0.11583101428533567,37731
2024-05-23,0.8639219739736557,37731
2024-05-24,3.512927301158199,37731
2024-05-25,11.797964803477248,37731
2024-05-26,5.230054331981659,37731
2024-05-27,0.49619835148816616,37731
2024-05-28,1.0561050595001458,37731
2024-05-29,11.593981341602396,37731
2024-05-30,4.213927009620736,37731
2024-05-31,0.8575563859956004,37731
2024-06-01,10.959989398637724,37731
2024-06-02,7.265922981103072,37731
2024-06-03,9.30077548965042,37731
2024-06-04,10.698687286316291,37731
2024-06-05,9.687388619437597,37731
2024-06-06,1.1314786250033129,37731
2024-06-07,7.064140097002465,37731
2024-06-08,0.21398902759004532,37731
2024-06-09,0.18306458879966075,37731
2024-06-10,3.748676949988073,37731
2024-06-11,6.94892846730805,37731
2024-06-12,4.920317245766081,37731
2024-06-13,10.781724311574038,37731
2024-06-14,9.554581643741221,37731
2024-06-15,2.274696933555962,37731
2024-06-16,7.576952638414036,37731
2024-06-17,0.17370809148975644,37731
2024-06-18,7.42304868675625,37731
2024-06-19,7.316735310487397,37731
2024-06-20,0.005673849089608015,37731
2024-06-21,6.554986880814186,37731
2024-06-22,0.12970077654978662,37731
2024-06-23,0.11934404070923112,37731
2024-06-24,0.2242243778325515,37731
2024-06-25,0.14695661392488932,37731
2024-06-26,0.19512708383027214,37731
2024-06-27,0.029888420662055076,37731
2024-06-28,0.07492936842384246,37731
2024-06-29,0.12201054835546367,37731
2024-06-30,1.0951641885982348,37731
2024-07-01,0.17269009567729451,37731
2024-07-02,5.630792981898174,37731
2024-07-03,8.29139063369643,37731
2024-07-04,7.587237019957065,37731
2024-07-05,6.84843629906443,37731
2024-07-06,10.316046752007633,37731
2024-07-07,9.505752829238556,37731
2024-07-08,8.959172298640375,37731
2024-07-09,6.6357024727677505,37731
2024-07-10,1.9347727332962286,37731
2024-07-11,0.0682672073361427,37731
2024-07-12,2.2411030717447193,37731
2024-07-13,0.3023961729082187,37731
2024-07-14,0.18965360048766267,37731
2024-07-15,0.5319816596432642,37731
2024-07-16,3.6608046433966765,37731
2024-07-17,9.590312475153057,37731
2024-07-18,4.216408523495269,37731
2024-07-19,8.291083989292625,37731
2024-07-20,10.111252020884685,37731
2024-07-21,8.73883941586494,37731
2024-07-22,10.740384829450585,37731
2024-07-23,8.96638626063449,37731
2024-07-24,6.739091198218972,37731
2024-07-25,7.993787601706819,37731
2024-07-26,4.488828814502663,37731
2024-07-27,9.661069942487611,37731
2024-07-28,11.093783626195965,37731
2024-07-29,11.542592033076252,37731
2024-07-30,11.240574063767193,37731
2024-07-31,11.275998780843338,37731
2024-08-01,11.366205242373645,37731
2024-08-02,10.87817073493944,37731
2024-08-03,10.774107497813468,37731
2024-08-04,9.16249450054332,37731
2024-08-05,8.775684980519996,37731
2024-08-06,9.929416129972699,37731
2024-08-07,10.949185020275106,37731
2024-08-08,10.675781982984814,37731
2024-08-09,9.168019930561076,37731
2024-08-10,11.251626779041107,37731
2024-08-11,11.347703214863108,37731
2024-08-12,9.732339455620048,37731
2024-08-13,9.663282446794414,37731
2024-08-14,9.025664042829504,37731
2024-08-15,8.532065145371181,37731
2024-08-16,8.677487212106756,37731
2024-08-17,9.261321459807586,37731
2024-08-18,8.066460470170417,37731
2024-08-19,0.8803326177413798,37731
2024-08-20,8.73488961331531,37731
2024-08-21,8.850183403567359,37731
2024-08-22,9.518998701333121,37731
2024-08-23,7.922426386790703,37731
2024-08-24,6.992357477935915,37731
2024-08-25,7.465679149770747,37731
2024-08-26,8.740041875380985,37731
2024-08-27,5.874448331610612,37731
2024-08-28,0.24242691685881637,37731
2024-08-29,0.00841271103336779,37731
2024-08-30,0.10011263947417243,37731
2024-08-31,9.91343139593438,37731
2024-09-01,10.638035567570432,37731
2024-09-02,9.599088547878402,37731
2024-09-03,8.234769287853489,37731
2024-09-04,9.692783387665315,37731
2024-09-05,9.453968885001723,37731
2024-09-06,9.972108080888395,37731
2024-09-07,10.150579099414275,37731
2024-09-08,10.736882139354908,37731
2024-09-09,9.914017916302244,37731
2024-09-10,2.2326559062839575,37731
2024-09-11,6.3403381834565735,37731
2024-09-12,9.666936736370625,37731
2024-09-13,10.215746203387138,37731
2024-09-14,4.454271288860618,37731
2024-09-15,3.7131918051469612,37731
2024-09-16,5.753207442156317,37731
2024-09-17,9.329176274151228,37731
2024-09-18,7.949234316609684,37731
2024-09-19,5.5745037237284984,37731
2024-09-20,3.841745514298588,37731
2024-09-21,2.2315443534494186,37731
2024-09-22,0.24760091171715565,37731
2024-09-23,3.7226219819246773,37731
2024-09-24,7.871897643847235,37731
2024-09-25,2.2086268585513236,37731
2024-09-26,9.785269937186927,37731
2024-09-27,8.462467997137633,37731
2024-09-28,3.7100951472264185,37731
2024-09-29,7.518118788264292,37731
2024-09-30,8.45739179984628,37731
2024-10-01,9.19748005618722,37731
2024-10-02,0.05745249264530493,37731
2024-10-03,0.09634067477670881,37731
2024-10-04,2.2731398584718137,37731
2024-10-05,2.61874426863852,37731
2024-10-06,3.0447271474384454,37731
2024-10-07,0.7051334446476373,37731
2024-10-08,1.2485897537833612,37731
2024-10-09,8.715953990087726,37731
2024-10-10,9.544215896742731,37731
2024-10-11,8.413976040921257,37731
2024-10-12,9.808496726829398,37731
2024-10-13,9.874028252630465,37731
2024-10-14,1.1358121968672974,37731
2024-10-15,1.2077238875195464,37731
2024-10-16,3.8325395563329883,37731
2024-10-17,0.8140290477326336,37731
2024-10-18,5.336498635074607,37731
2024-10-19,0.9058368450345868,37731
2024-10-20,4.187445071691713,37731
2024-10-21,3.7671129840184463,37731
2024-10-22,0.25614719991518914,37731
2024-10-23,3.6390259998409804,37731
2024-10-24,1.6530380853939732,37731
2024-10-25,2.5239824017386234,37731
2024-10-26,0.23615568100500914,37731
2024-10-27,3.3074267843417875,37731
2024-10-28,2.08981076568339,37731
2024-10-29,0.21899711112878004,37731
2024-10-30,6.254796321327291,37731
2024-10-31,0.15818266147199914,37731
2024-11-01,0.01582703877448252,37731
2024-11-02,0.9449129363123162,37731
2024-11-03,9.592747608067636,37731
2024-11-04,7.04765073811985,37731
2024-11-05,5.091761946410114,37731
2024-11-06,8.082767485621902,37731
2024-11-07,8.314849328138665,37731
2024-11-08,6.622703347380138,37731
2024-11-09,2.031794810633166,37731
2024-11-10,0.10886167872571625,37731
2024-11-11,6.008436829132544,37731
2024-11-12,7.764232593888315,37731
2024-11-13,8.079126447748536,37731
2024-11-14,6.147045400333943,37731
2024-11-15,0.002706262754763987,37731
2024-11-16,0.1380466990008216,37731
2024-11-17,1.8771575097400015,37731
2024-11-18,6.181930243036231,37731
2024-11-19,6.689246773210358,37731
2024-11-20,6.817569372664387,37731
2024-11-21,3.4723039410564263,37731
2024-11-22,7.181475709628689,37731
2024-11-23,5.723945031936603,37731
2024-11-24,8.074034613447827,37731
2024-11-25,7.997821420052476,37731
2024-11-26,0.06477193819405794,37731
2024-11-27,2.0077498608571203,37731
2024-11-28,2.7551671039728607,37731
2024-11-29,2.024015000927619,37731
2024-11-30,4.399107365296441,37731
2024-12-01,7.10095279743447,37731
2024-12-02,6.98850679812356,37731
2024-12-03,8.005443534494184,37731
2024-12-04,6.784249291033898,37731
2024-12-05,3.7000233229970054,37731
2024-12-06,3.6201423232885426,37731
2024-12-07,5.785501576952639,37731
2024-12-08,7.272330444462113,37731
2024-12-09,5.636410908801781,37731
2024-12-10,7.053593066709073,37731
2024-12-11,2.9721041053775408,37731
2024-12-12,7.393103283771964,37731
2024-12-13,3.9536964299912536,37731
2024-12-14,5.565803185709364,37731
2024-12-15,2.9902491320134637,37731
2024-12-16,3.7108481089820042,37731
2024-12-17,3.007632715803981,37731
2024-12-18,1.197681747104503,37731
2024-12-19,6.315848241499032,37731
2024-12-20,6.634042299435478,37731
2024-12-21,1.8272539821367044,37731
2024-12-22,6.608550793777001,37731
2024-12-23,7.5826961914606015,37731
2024-12-24,8.472525774562031,37731
2024-12-25,6.243865256685484,37731
2024-12-26,3.664908165699292,37731
2024-12-27,5.078597174736954,37731
2024-12-28,3.0040091701783678,37731
2024-12-29,4.681966022633909,37731
2024-12-30,3.512271076833373,37731
2024-12-31,6.691642946118576,37731
2025-01-01,8.99578993400652,37731
2025-01-02,8.745403249317535,37731
2025-01-03,7.151924677321035,37731
2025-01-04,4.9590927884233125,37731
2025-01-05,3.672532135379396,37731
2025-01-06,2.720474675995866,37731
2025-01-07,3.587730248336912,37731
2025-01-08,3.327645967506825,37731
2025-01-09,2.1037870716387053,37731
2025-01-10,6.962818372160823,37731
2025-01-11,2.855335930667091,37731
2025-01-12,2.83624128700538,37731
2025-01-13,5.435096074845617,37731
2025-01-14,4.844354244520422,37731
2025-01-15,1.1286830457713815,37731
2025-01-16,2.2286764199199602,37731
2025-01-17,4.402126898306432,37731
2025-01-18,6.736948662903183,37731
2025-01-19,6.265388142376296,37731
2025-01-20,6.783285362169039,37731
2025-01-21,8.67726643873738,37731
2025-01-22,7.097795181680847,37731
2025-01-23,6.521068882351382,37731
2025-01-24,6.09013410723278,37731
2025-01-25,7.694080729373725,37731
2025-01-26,8.5272152871644,37731
2025-01-27,0.4959969256049403,37731
2025-01-28,2.098928732342106,37731
2025-01-29,2.823700405502107,37731
2025-01-30,8.971206700060959,37731
2025-01-31,9.108403434841378,37731
2025-02-01,0.006299064429779226,37731
2025-02-02,1.8161376586891416,37731
2025-02-03,4.126680448437625,37731
2025-02-04,3.561484190718507,37731
2025-02-05,2.730053801913546,37731
2025-02-06,5.062579841509634,37731
2025-02-07,1.5509930826111153,37731
2025-02-08,5.870646683098778,37731
2025-02-09,6.3157753571333926,37731
2025-02-10,2.6714621928917865,37731
2025-02-11,9.720187644112267,37731
2025-02-12,0.10126553762158436,37731
2025-02-13,5.124551694892793,37731
2025-02-14,9.46083326707482,37731
2025-02-15,0.9308306167342503,37731
2025-02-16,3.3337775304126582,37731
2025-02-17,9.227302748403169,37731
2025-02-18,7.029434417322626,37731
2025-02-19,9.340641912485754,37731
2025-02-20,9.559414274734303,37731
2025-02-21,5.946064244255387,37731
2025-02-22,7.659377435000397,37731
2025-02-23,4.122635763695635,37731
2025-02-24,7.824695608385678,37731
2025-02-25,9.099256314436404,37731
2025-02-26,8.01358564575548,37731
2025-02-27,6.146261959661817,37731
2025-02-28,3.100469375314728,37731
2025-03-01,5.709049057803929,37731
2025-03-02,1.73348466777981,37731
2025-03-03,0.09568180011131429,37731
2025-03-04,0.0187190904031168,37731
2025-03-05,1.3346330603482548,37731
2025-03-06,1.7417190108928997,37731
2025-03-07,9.086039066019982,37731
2025-03-08,2.5333481752405187,37731
2025-03-09,10.541463253028013,37731
2025-03-10,3.694463968619968,37731
2025-03-11,1.9973181203784687,37731
2025-03-12,3.483304709655191,37731
2025-03-13,0.3590199040576714,37731
2025-03-14,2.570243036230156,37731
2025-03-15,7.951021706289258e-07,37731
2025-03-16,1.2772102515173198,37731
2025-03-17,4.834835016299595,37731
2025-03-18,3.1756359492194752,37731
2025-03-19,3.3377260077920012,37731
2025-03-20,9.999018843921444,37731
2025-03-21,10.500861625718905,37731
2025-03-22,11.02879011953036,37731
2025-03-23,10.971464578198297,37731
2025-03-24,4.676146404813018,37731
2025-03-25,10.49023243486788,37731
2025-03-26,8.039486098963716,37731
2025-03-27,0.25352389282022736,37731
2025-03-28,1.2431729877289233,37731
2025-03-29,5.825226471601601,37731
2025-03-30,6.400724603111501,37731
2025-03-31,5.417722562349261,37731
2025-04-01,0.39323076515332217,37731
2025-04-02,5.29974212186266,37731
2025-04-03,7.9487530147623975,37731
2025-04-04,11.33087222708118,37731
2025-04-05,3.118532241393019,37731
2025-04-06,10.77666984707535,37731
2025-04-07,11.292892581696748,37731
2025-04-08,10.187708515544248,37731
2025-04-09,9.967991571916992,37731
2025-04-10,0.6834830775754684,37731
2025-04-11,10.822867138427288,37731
2025-04-12,1.7760578834380218,37731
2025-04-13,7.933811189737882,37731
2025-04-14,3.662702022209854,37731
2025-04-15,8.125933847499406,37731
2025-04-16,10.073282976862528,37731
2025-04-17,7.372319578065781,37731
2025-04-18,7.190782910604012,37731
2025-04-19,10.025797885028226,37731
2025-04-20,0.22022183350560548,37731
2025-04-21,8.726372478863535,37731
2025-04-22,0.011078953645543451,37731
2025-04-23,0.3490220243301264,37731
2025-04-24,10.513601282764835,37731
2025-04-25,1.67834804272349,37731
2025-04-26,11.929997879727544,37731
2025-04-27,10.964545599109487,37731
2025-04-28,2.5337743500039753,37731
2025-04-29,11.785056319737087,37731
2025-04-30,10.124991916461266,37731
2025-05-01,1.5259622061434894,37731
2025-05-02,11.740857385173994,37731
2025-05-03,9.865259865892767,37731
2025-05-04,12.155534706209748,37731
2025-05-05,7.191240359386181,37731
2025-05-06,0.2596297474225438,37731
2025-05-07,10.217351514669636,37731
2025-05-08,11.053864461583313,37731
2025-05-09,0.00010892899737616284,37731
2025-05-10,5.358044843762423,37731
2025-05-11,0.5231833240571414,37731
2025-05-12,8.356070340038695,37731
2025-05-13,11.90962073626461,37731
2025-05-14,10.829159842039703,37731
2025-05-15,6.725572606079882,37731
2025-05-16,0.6497566987357877,37731
2025-05-17,0.966365853012112,37731
2025-05-18,0.3353412313482283,37731
2025-05-19,2.5445047838647263,37731
2025-05-20,3.605532055869179,37731
2025-05-21,0.04833240571413426,37731
2025-05-22,4.970705520659405,37731
2025-05-23,4.745589833293578,37731
2025-05-24,0.17744030107868863,37731
2025-05-25,2.7333842198722533,37731
2025-05-26,2.166434231798786,37731
2025-05-27,10.383760568233019,37731
2025-05-28,6.172373114945271,37731
2025-05-29,0.22172378150592353,37731
2025-05-30,1.547728393098513,37731
2025-05-31,11.363489968460946,37731
2025-06-01,11.279606689459596,37731
2025-06-02,0.01625082823142774,37731
2025-06-03,1.384013675757335,37731
2025-06-04,11.404624579258437,37731
2025-06-05,12.378288145026637,37731
2025-06-06,7.626496779836208,37731
2025-06-07,3.0595075667223237,37731
2025-06-08,0.0033357186398452203,37731
2025-06-09,0.003480692268956561,37731
2025-06-10,0.07327343563647928,37731
2025-06-11,0.32656621875911057,37731
2025-06-12,0.3115843735920066,37731
2025-06-13,2.560019612520209,37731
2025-06-14,0.06335798150062283,37731
2025-06-15,1.4142699636903344,37731
2025-06-16,2.16520447377488,37731
2025-06-17,7.140798547613367,37731
2025-06-18,8.317088335851157,37731
2025-06-19,11.604419442898413,37731
2025-06-20,9.923474861519706,37731
2025-06-21,4.358838620762768,37731
2025-06-22,2.0023407807903313,37731
2025-06-23,0.11857305663777798,37731
2025-06-24,0.165753094272614,37731
2025-06-25,2.3186721793750498,37731
2025-06-26,2.4095921125864677,37731
2025-06-27,9.645347857199651,37731
2025-06-28,11.035984999072381,37731
2025-06-29,10.287167581034165,37731
2025-06-30,10.431200339243592,37731
2025-07-01,10.163884869205692,37731
2025-07-02,9.73361373936551,37731
2025-07-03,9.731730407357345,37731
2025-07-04,8.962698841801172,37731
2025-07-05,9.460546765259334,37731
2025-07-06,10.37023084466354,37731
2025-07-07,10.607118284699583,37731
2025-07-08,9.034817789085897,37731
2025-07-09,8.08933237921073,37731
2025-07-10,3.872098009594233,37731
2025-07-11,2.5039961835095808,37731
2025-07-12,3.1573719222920147,37731
2025-07-13,2.676070340038695,37731
2025-07-14,3.9375431342927567,37731
2025-07-15,8.390905886406404,37731
2025-07-16,5.919079006652354,37731
2025-07-17,7.419760144178528,37731
2025-07-18,0.019082187061037342,37731
2025-07-19,5.665327714611327,37731
2025-07-20,6.538789059394132,37731
2025-07-21,9.210774959582306,37731
2025-07-22,10.938809732050569,37731
2025-07-23,10.714684741989347,37731
2025-07-24,9.260891309533276,37731
2025-07-25,6.428806021573773,37731
2025-07-26,4.43454268373486,37731
2025-07-27,6.893216453314251,37731
2025-07-28,10.952380270864806,37731
2025-07-29,11.008812117357081,37731
2025-07-30,11.603842198722536,37731
2025-07-31,9.47108531446291,37731
2025-08-01,11.484996952108347,37731
2025-08-02,11.756455434523335,37731
2025-08-03,10.637186133418146,37731
2025-08-04,3.224434814873712,37731
2025-08-05,9.08701253611089,37731
2025-08-06,6.864912141210145,37731
2025-08-07,0.3370618324454693,37731
2025-08-08,1.0987734223847767,37731
2025-08-09,0.17657496488298746,37731
2025-08-10,0.0526233070949617,37731
2025-08-11,0.03764464233654024,37731
2025-08-12,4.527610983011317,37731
2025-08-13,9.643341814423154,37731
2025-08-14,9.918559539900876,37731
2025-08-15,10.692327794121546,37731
2025-08-16,9.773789456945217,37731
2025-08-17,7.579816331398584,37731
2025-08-18,9.744047600116616,37731
2025-08-19,8.423186504465823,37731
2025-08-20,5.650729903792637,37731
2025-08-21,3.7102756354191513,37731
2025-08-22,3.9258466512946915,37731
2025-08-23,7.427843152845139,37731
2025-08-24,6.442354297527232,37731
2025-08-25,7.681648776867827,37731
2025-08-26,8.965326124406987,37731
2025-08-27,6.83222708117993,37731
2025-08-28,8.388021785799475,37731
2025-08-29,8.945805305981818,37731
2025-08-30,7.579664466883995,37731
2025-08-31,6.7585979698391245,37731
2025-09-01,8.601903739630542,37731
2025-09-02,6.526495454665925,37731
2025-09-03,8.080718242294136,37731
2025-09-04,0.3081837216082266,37731
2025-09-05,7.828567225888526,37731
2025-09-06,10.143156025549283,37731
2025-09-07,8.894930958628184,37731
2025-09-08,6.893409398107657,37731
2025-09-09,8.770851024356629,37731
2025-09-10,0.4468659722774377,37731
2025-09-11,4.426459940102303,37731
2025-09-12,3.2879777901460336,37731
2025-09-13,3.952938697622644,37731
2025-09-14,5.836493864461582,37731
2025-09-15,7.651585168694178,37731
2025-09-16,7.6330423259388835,37731
2025-09-17,4.524417057591902,37731
2025-09-18,2.7756293233680527,37731
2025-09-19,7.265193342344491,37731
2025-09-20,2.0581111022766425,37731
2025-09-21,5.735686305690281,37731
2025-09-22,2.569419310381384,37731
2025-09-23,2.601024621663884,37731
2025-09-24,2.152496355781718,37731
2025-09-25,3.2420471230553125,37731
2025-09-26,5.924628024701175,37731
2025-09-27,1.9840142058254489,37731
2025-09-28,1.7414961172510668,37731
2025-09-29,3.5142882510402584,37731
2025-09-30,7.839240942461107,37731
2025-10-01,8.582775701677665,37731
2025-10-02,8.194318464922743,37731
2025-10-03,0.7572696191460603,37731
2025-10-04,0.7209755903633618,37731
2025-10-05,6.400606927990247,37731
2025-10-06,9.100316185629854,37731
2025-10-07,7.970338713524689,37731
2025-10-08,4.1754520155840025,37731
2025-10-09,8.626493334393471,37731
2025-10-10,9.618607246031116,37731
2025-10-11,6.398895073016882,37731
2025-10-12,8.327379343245608,37731
2025-10-13,9.895466592457133,37731
2025-10-14,7.587720707110863,37731
2025-10-15,6.575772176724709,37731
2025-10-16,4.991181256791498,37731
2025-10-17,9.169229811030716,37731
2025-10-18,2.3293861811242746,37731
2025-10-19,2.322467202035462,37731
2025-10-20,2.0825748058625533,37731
2025-10-21,0.8473788131774933,37731
2025-10-22,0.028484535262781267,37731
2025-10-23,2.5950131191858152,37731
2025-10-24,3.0260022262860775,37731
2025-10-25,3.009040046645994,37731
2025-10-26,6.3600068908854785,37731
2025-10-27,7.652420291007395,37731
2025-10-28,7.424900744745702,37731
2025-10-29,9.459759614110412,37731
2025-10-30,6.495926161511754,37731
2025-10-31,0.39244175876600146,37731
2025-11-01,5.787703479897168,37731
2025-11-02,2.6424679971376324,37731
2025-11-03,8.132569505181417,37731
2025-11-04,1.8147769738411388,37731
2025-11-05,1.095719169913334,37731
2025-11-06,9.008327900135168,37731
2025-11-07,9.373846174233389,37731
2025-11-08,7.027574408311469,37731
2025-11-09,0.8535705388142376,37731
2025-11-10,5.708840476001166,37731
2025-11-11,0.9605427897484826,37731
2025-11-12,0.12324375182210916,37731
2025-11-13,0.006472131668919456,37731
2025-11-14,9.261092205348389,37731
2025-11-15,9.32861784739339,37731
2025-11-16,8.991113673106994,37731
2025-11-17,2.9084256977021545,37731
2025-11-18,1.868965042007898,37731
2025-11-19,2.670073149399698,37731
2025-11-20,5.230035249529563,37731
2025-11-21,7.913284567066868,37731
2025-11-22,9.30287455938088,37731
2025-11-23,8.987923458164373,37731
2025-11-24,4.159028385147492,37731
2025-11-25,3.0282234767167577,37731
2025-11-26,7.082773581405211,37731
2025-11-27,5.011032307651534,37731
2025-11-28,6.761010044790755,37731
2025-11-29,9.095395828363944,37731
2025-11-30,8.081109962630197,37731
2025-12-01,3.6662601044234187,37731
2025-12-02,3.804002279292889,37731
2025-12-03,3.733512761389839,37731
2025-12-04,5.1384328536216906,37731
2025-12-05,6.739992048978294,37731
2025-12-06,7.094006254803743,37731
2025-12-07,6.822286183774615,37731
2025-12-08,5.356450928944369,37731
2025-12-09,7.825462086878164,37731
2025-12-10,7.9574318199888685,37731
2025-12-11,1.9477917362381068,37731
2025-12-12,6.640807293737246,37731
2025-12-13,0.2767991836951048,37731
2025-12-14,3.017819034745965,37731
2025-12-15,6.404169250748722,37731
2025-12-16,6.798522170098857,37731
2025-12-17,2.9467588985184596,37731
2025-12-18,8.322032811216241,37731
2025-12-19,5.931285415175851,37731
2025-12-20,3.3853274495772707,37731
2025-12-21,1.8898438949405,37731
2025-12-22,7.999923670191621,37731
2025-12-23,7.118808406880285,37731
2025-12-24,0.6399183695104822,37731
2025-12-25,1.0158702393257535,37731
2025-12-26,4.6862664652407835,37731
2025-12-27,6.613800588375608,37731
2025-12-28,7.892076011767512,37731
2025-12-29,5.002496355781718,37731
2025-12-30,4.160458243884339,37731
2025-12-31,5.792794784129761,37731
2026-01-01,3.7567694998807344,37731
2026-01-02,3.9993647133656673,37731
2026-01-03,7.598744268638521,37731
2026-01-04,3.209900612228671,37731
2026-01-05,2.1438965307041955,37731
2026-01-06,8.903592006572845,37731
2026-01-07,6.435043863136413,37731
2026-01-08,6.738077973019533,37731
2026-01-09,7.852542471707615,37731
2026-01-10,5.65202777556916,37731
2026-01-11,2.6771132490525034,37731
2026-01-12,4.469867482971562,37731
2026-01-13,6.149194296467096,37731
2026-01-14,9.220172802205084,37731
2026-01-15,5.102443348970343,37731
2026-01-16,8.594353714452309,37731
2026-01-17,8.930803848294508,37731
2026-01-18,5.576899631602661,37731
2026-01-19,6.183753147279425,37731
2026-01-20,4.308141051125069,37731
2026-01-21,3.9994079139169383,37731
2026-01-22,6.522901857888739,37731
2026-01-23,5.738452201107843,37731
2026-01-24,3.8900368397339053,37731
2026-01-25,8.275459436537597,37731
2026-01-26,6.439219474702499,37731
2026-01-27,4.225354748085129,37731
2026-01-28,9.345312607670085,37731
2026-01-29,7.542232646895127,37731
2026-01-30,7.1027566192255716,37731
2026-01-31,4.279466486443509,37731
2026-02-01,6.191468288675096,37731
2026-02-02,5.5927205745938355,37731
2026-02-03,9.56344146722854,37731
2026-02-04,6.896419124857545,37731
2026-02-05,1.6481354854098753,37731
2026-02-06,1.9030706845829692,37731
2026-02-07,2.115252179905118,37731
2026-02-08,3.619929765974928,37731
2026-02-09,8.76952320373168,37731
2026-02-10,0.31068166759428584,37731
2026-02-11,2.9603588561130105,37731
2026-02-12,9.350137287641463,37731
2026-02-13,9.812262065675439,37731
2026-02-14,2.1595014709390155,37731
2026-02-15,5.73478969547587,37731
2026-02-16,3.3053234740664177,37731
2026-02-17,9.2007958972728,37731
2026-02-18,9.870669476027668,37731
2026-02-19,7.9540990167236485,37731
2026-02-20,7.518207044605231,37731
2026-02-21,10.108888712199517,37731
2026-02-22,5.008580212557314,37731
2026-02-23,10.250703930455066,37731
2026-02-24,1.7737979380350375,37731
2026-02-25,1.6905963266279718,37731
2026-02-26,3.152734356364793,37731
2026-02-27,0.0010540404441970793,37731
2026-02-28,7.586670377143462,37731
2026-03-01,8.744252736476637,37731
2026-03-02,0.00907238080093292,37731
2026-03-03,2.5298685431077894,37731
2026-03-04,8.793602077867005,37731
2026-03-05,8.569453234740665,37731
2026-03-06,0.9516516922424533,37731
2026-03-07,7.354181442315338,37731
2026-03-08,7.991431183907132,37731
2026-03-09,7.412826588216586,37731
2026-03-10,9.084554875301476,37731
2026-03-11,9.919253399061779,37731
2026-03-12,8.280451883066974,37731
2026-03-13,7.6077768943309225,37731
2026-03-14,9.958803901301318,37731
2026-03-15,9.262707587925048,37731
2026-03-16,8.646993188624737,37731
2026-03-17,8.508290265299092,37731
2026-03-18,0.09789827992897086,37731
2026-03-19,4.353753147279425,37731
2026-03-20,9.72588746653945,37731
2026-03-21,8.6562632848321,37731
2026-03-22,0.9415348122233708,37731
2026-03-23,7.5198022845935695,37731
2026-03-24,4.625524634915587,37731
2026-03-25,0.006899366568604065,37731
2026-03-26,10.054873181203785,37731
2026-03-27,9.081122684264928,37731
2026-03-28,10.732365693991678,37731
2026-03-29,7.797663459754578,37731
2026-03-30,2.6960928679335296,37731
2026-03-31,1.604131085844531,37731
